#
# There is insufficient memory for the Java Runtime Environment to continue.
# Native memory allocation (malloc) failed to allocate 2097152 bytes. Error detail: AllocateHeap
# Possible reasons:
#   The system is out of physical RAM or swap space
#   This process is running with CompressedOops enabled, and the Java Heap may be blocking the growth of the native heap
# Possible solutions:
#   Reduce memory load on the system
#   Increase physical memory or swap space
#   Check if swap backing store is full
#   Decrease Java heap size (-Xmx/-Xms)
#   Decrease number of Java threads
#   Decrease Java thread stack sizes (-Xss)
#   Set larger code cache with -XX:ReservedCodeCacheSize=
#   JVM is running with Unscaled Compressed Oops mode in which the Java heap is
#     placed in the first 4GB address space. The Java Heap base address is the
#     maximum limit for the native heap growth. Please use -XX:HeapBaseMinAddress
#     to set the Java Heap base and to place the Java Heap above 4GB virtual address.
# This output file may be truncated or incomplete.
#
#  Out of Memory Error (allocation.cpp:42), pid=30260, tid=35128
#
# JRE version: OpenJDK Runtime Environment JBR-25.0.2+1-329.72-jcef (25.0.2+1) (build 25.0.2+1-b329.72)
# Java VM: OpenJDK 64-Bit Server VM JBR-25.0.2+1-329.72-jcef (25.0.2+1-b329.72, mixed mode, sharing, tiered, compressed oops, compressed class ptrs, g1 gc, windows-amd64)
# No core dump will be written. Minidumps are not enabled by default on client versions of Windows
#

---------------  S U M M A R Y ------------

Command Line: abort vfprintf -XX:ErrorFile=C:\Users\youoi\java_error_in_idea_%p.log -XX:HeapDumpPath=C:\Users\youoi\java_error_in_idea.hprof -Xms128m -Xmx2048m -XX:JbrShrinkingGcMaxHeapFreeRatio=40 -XX:ReservedCodeCacheSize=512m -XX:+HeapDumpOnOutOfMemoryError -XX:-OmitStackTraceInFastThrow -XX:CICompilerCount=2 -XX:+IgnoreUnrecognizedVMOptions -XX:+UnlockDiagnosticVMOptions -XX:TieredOldPercentage=100000 -ea -Dsun.io.useCanonCaches=false -Dsun.java2d.metal=true -Djbr.catch.SIGABRT=true -Djdk.http.auth.tunneling.disabledSchemes="" -Djdk.attach.allowAttachSelf=true -Djdk.module.illegalAccess.silent=true -Djdk.nio.maxCachedBufferSize=2097152 -Djava.util.zip.use.nio.for.zip.file.access=true -Dkotlinx.coroutines.debug=off -Dskiko.rendering.useScreenMenuBar=false -Djava.nio.file.spi.DefaultFileSystemProvider=com.intellij.platform.core.nio.fs.MultiRoutingFileSystemProvider -Xms128m -Xmx1024m -XX:ReservedCodeCacheSize=512m -XX:+IgnoreUnrecognizedVMOptions -XX:+UseG1GC -XX:SoftRefLRUPolicyMSPerMB=50 -XX:CICompilerCount=2 -XX:+HeapDumpOnOutOfMemoryError -XX:-OmitStackTraceInFastThrow -ea -Dsun.io.useCanonCaches=false -Djdk.http.auth.tunneling.disabledSchemes="" -Djdk.attach.allowAttachSelf=true -Djdk.module.illegalAccess.silent=true -Dkotlinx.coroutines.debug=off -XX:ErrorFile=$USER_HOME/java_error_in_idea_%p.log -XX:HeapDumpPath=$USER_HOME/java_error_in_idea.hprof --add-opens=java.base/jdk.internal.org.objectweb.asm=ALL-UNNAMED --add-opens=java.base/jdk.internal.org.objectweb.asm.tree=ALL-UNNAMED -javaagent:C:\Program Files\JetBrains\PyCharm 2024.2.3\ja-netfilter\ja-netfilter.jar=jetbrains -Djb.vmOptionsFile=C:\Program Files\JetBrains\PyCharm 2024.2.3\ja-netfilter\vmoptions\idea.vmoptions -Xbootclasspath/a:C:\Program Files\JetBrains\IntelliJ IDEA 2026.1\lib\nio-fs.jar -Djava.system.class.loader=com.intellij.util.lang.PathClassLoader -Didea.vendor.name=JetBrains -Didea.paths.selector=IntelliJIdea2026.1 -Djna.boot.library.path=C:\Program Files\JetBrains\IntelliJ IDEA 2026.1/lib/jna/amd64 -Djna.nosys=true -Djna.noclasspath=true -Dpty4j.preferred.native.folder=C:\Program Files\JetBrains\IntelliJ IDEA 2026.1/lib/pty4j -Dio.netty.allocator.type=pooled -Dskiko.library.path=C:\Program Files\JetBrains\IntelliJ IDEA 2026.1/lib/skiko-awt-runtime-all -Dintellij.platform.runtime.repository.path=C:\Program Files\JetBrains\IntelliJ IDEA 2026.1/modules/module-descriptors.dat -Dsplash=true -Daether.connector.resumeDownloads=false -Dcompose.swing.render.on.graphics=true --enable-native-access=ALL-UNNAMED --add-opens=java.base/java.io=ALL-UNNAMED --add-opens=java.base/java.lang=ALL-UNNAMED --add-opens=java.base/java.lang.ref=ALL-UNNAMED --add-opens=java.base/java.lang.reflect=ALL-UNNAMED --add-opens=java.base/java.net=ALL-UNNAMED --add-opens=java.base/java.nio=ALL-UNNAMED --add-opens=java.base/java.nio.charset=ALL-UNNAMED --add-opens=java.base/java.text=ALL-UNNAMED --add-opens=java.base/java.time=ALL-UNNAMED --add-opens=java.base/java.util=ALL-UNNAMED --add-opens=java.base/java.util.concurrent=ALL-UNNAMED --add-opens=java.base/java.util.concurrent.atomic=ALL-UNNAMED --add-opens=java.base/java.util.concurrent.locks=ALL-UNNAMED --add-opens=java.base/jdk.internal.ref=ALL-UNNAMED --add-opens=java.base/jdk.internal.vm=ALL-UNNAMED --add-opens=java.base/sun.net.dns=ALL-UNNAMED --add-opens=java.base/sun.nio=ALL-UNNAMED --add-opens=java.base/sun.nio.ch=ALL-UNNAMED --add-opens=java.base/sun.nio.fs=ALL-UNNAMED --add-opens=java.base/sun.security.ssl=ALL-UNNAMED --add-opens=java.base/sun.security.util=ALL-UNNAMED --add-opens=java.desktop/com.sun.java.swing=ALL-UNNAMED --add-opens=java.desktop/java.awt=ALL-UNNAMED --add-opens=java.desktop/java.awt.dnd.peer=ALL-UNNAMED --add-opens=java.desktop/java.awt.event=ALL-UNNAMED --add-opens=java.desktop/java.awt.font=ALL-UNNAMED --add-opens=java.desktop/java.awt.image=ALL-UNNAMED --add-opens=java.desktop/java.awt.peer=ALL-UNNAMED --add-opens=java.desktop/javax.swing=ALL-UNNAMED --add-opens=java.desktop/javax.swing.plaf.basic=ALL-UNNAMED --add-opens=java.desktop/javax.swing.text=ALL-UNNAMED --add-opens=java.desktop/javax.swing.text.html=ALL-UNNAMED --add-opens=java.desktop/javax.swing.text.html.parser=ALL-UNNAMED --add-opens=java.desktop/sun.awt=ALL-UNNAMED --add-opens=java.desktop/sun.awt.datatransfer=ALL-UNNAMED --add-opens=java.desktop/sun.awt.image=ALL-UNNAMED --add-opens=java.desktop/sun.awt.windows=ALL-UNNAMED --add-opens=java.desktop/sun.font=ALL-UNNAMED --add-opens=java.desktop/sun.java2d=ALL-UNNAMED --add-opens=java.desktop/sun.swing=ALL-UNNAMED --add-opens=java.management/sun.management=ALL-UNNAMED --add-opens=jdk.attach/sun.tools.attach=ALL-UNNAMED --add-opens=jdk.compiler/com.sun.tools.javac.api=ALL-UNNAMED --add-opens=jdk.internal.jvmstat/sun.jvmstat.monitor=ALL-UNNAMED --add-opens=jdk.jdi/com.sun.tools.jdi=ALL-UNNAMED -Dide.native.launcher=true -Djcef.sandbox.ptr=00000180D0E723E0 -Djcef.sandbox.cefVersion=122.1.9+gd14e051+chromium-122.0.6261.94 com.intellij.idea.Main D:\Graduation_Project\Backend\interviewApp

Host: 11th Gen Intel(R) Core(TM) i7-11800H @ 2.30GHz, 16 cores, 15G,  Windows 11 , 64 bit Build 26100 (10.0.26100.8246)
Time: Fri Apr 24 04:03:01 2026 Egypt Daylight Time elapsed time: 21414.434067 seconds (0d 5h 56m 54s)

---------------  T H R E A D  ---------------

Current thread (0x00000180f9b7a2b0):  VMThread "VM Thread"          [id=35128, stack(0x0000004949a00000,0x0000004949b00000) (1024K)]

Stack: [0x0000004949a00000,0x0000004949b00000]
Native frames: (J=compiled Java code, j=interpreted, Vv=VM code, C=native code)
V  [jvm.dll+0x7c0b19]  (no source info available)
V  [jvm.dll+0x78a2ed]  (no source info available)
V  [jvm.dll+0xa0e563]  (no source info available)
V  [jvm.dll+0xa10d5c]  (no source info available)
V  [jvm.dll+0xa11453]  (no source info available)
V  [jvm.dll+0x307b86]  (no source info available)
V  [jvm.dll+0xf9637]  (no source info available)
V  [jvm.dll+0x3eb282]  (no source info available)
V  [jvm.dll+0x3e52d9]  (no source info available)
V  [jvm.dll+0x3cbb06]  (no source info available)
V  [jvm.dll+0x418770]  (no source info available)
V  [jvm.dll+0xa17771]  (no source info available)
V  [jvm.dll+0xa18a3d]  (no source info available)
V  [jvm.dll+0xa18f42]  (no source info available)
V  [jvm.dll+0xa193c8]  (no source info available)
V  [jvm.dll+0xa194a3]  (no source info available)
V  [jvm.dll+0x9ae45d]  (no source info available)
V  [jvm.dll+0x7bf035]  (no source info available)
C  [ucrtbase.dll+0x37b0]  (no source info available)
C  [KERNEL32.DLL+0x2e8d7]  (no source info available)
C  [ntdll.dll+0x8c3fc]  (no source info available)

VM_Operation (0x000000494acfeb40): G1CollectFull, mode: safepoint, requested by thread 0x00000181af9d0890


---------------  P R O C E S S  ---------------

Threads class SMR info:
_java_thread_list=0x00000181d8e0a6d0, length=157, elements={
0x00000180d35f1740, 0x00000180f9b84df0, 0x00000180f9b89200, 0x00000180f9b89c60,
0x00000180f9b932f0, 0x00000180f9b94150, 0x00000180f9b97d30, 0x00000180f9b988f0,
0x00000180f9b9e520, 0x00000180fca9b670, 0x00000180a82ca8c0, 0x00000180a8cf96d0,
0x00000180a8cfc5b0, 0x00000180a8cfbde0, 0x00000180a9761920, 0x00000180a9763860,
0x00000180a9764fd0, 0x00000180a9c30200, 0x00000180ab17aae0, 0x00000180aaa293a0,
0x00000180aaa2ca50, 0x00000180cb63c050, 0x00000180cb6483a0, 0x0000018155cab530,
0x0000018155ca9dc0, 0x0000018155cabd00, 0x0000018155cb0350, 0x00000181617bcbf0,
0x00000181617c6060, 0x00000181617c3950, 0x00000181617c5890, 0x00000181622cf790,
0x0000018177495610, 0x0000018181355a80, 0x000001818b145d80, 0x000001818b144de0,
0x00000181817dd6b0, 0x00000181976aff90, 0x0000018192aaf7c0, 0x00000180a85f0b20,
0x00000180a9c35020, 0x00000181ae541020, 0x00000181af3510d0, 0x00000181c6e42d90,
0x00000181c96cc720, 0x00000181af9c1e30, 0x00000181c6e40e50, 0x00000181c96c9840,
0x00000181af9cd9b0, 0x00000181afa9e830, 0x00000181968f2cc0, 0x00000181862e6fb0,
0x00000181a3dfa830, 0x0000018192ab0f30, 0x000001818204bfb0, 0x00000181a3e63180,
0x00000181a1a1a200, 0x0000018186ae4b60, 0x000001819699e160, 0x00000181966f36f0,
0x00000181a04c2060, 0x00000181af5ae5b0, 0x00000181af9cd1e0, 0x00000180a82a74c0,
0x00000181bfb4c150, 0x00000181909e3fa0, 0x000001819113d9a0, 0x000001819dffb530,
0x00000181d7408ba0, 0x00000181d740d9c0, 0x00000181d740b2b0, 0x00000181d76df0d0,
0x00000181d76e3ef0, 0x00000181af9d0890, 0x0000018190ebfa10, 0x00000181d740a310,
0x0000018190ec01e0, 0x00000181af9d27d0, 0x00000181c97620d0, 0x00000181d210ca90,
0x000001818cbf5c50, 0x00000181901edaf0, 0x00000181d21110e0, 0x00000181c975e250,
0x00000181a3165020, 0x000001818cbf7b90, 0x000001819101fd30, 0x00000181c9764010,
0x000001819113a2f0, 0x0000018191136c40, 0x000001818d074b60, 0x000001818d075b00,
0x000001818d0762d0, 0x00000181bfb526e0, 0x00000181a3d18810, 0x000001818d0f30b0,
0x00000181af9cf120, 0x00000181c53255a0, 0x000001819101c680, 0x000001819113ca00,
0x000001818e4246c0, 0x0000018192ab1ed0, 0x000001819dffbd00, 0x000001818e425e30,
0x000001819fe0a270, 0x00000181a44dcf70, 0x00000181a44db030, 0x00000181a44db800,
0x00000181a44dbfd0, 0x000001818f4a7720, 0x000001818f372800, 0x00000180a82a45e0,
0x000001818e426dd0, 0x00000181e23d0710, 0x00000181d9267320, 0x00000181d9267af0,
0x00000181d76e2780, 0x00000181bfb4b980, 0x00000181909e37d0, 0x00000181da949220,
0x00000181da9472e0, 0x00000181dc947120, 0x00000181dc9478f0, 0x00000181e233c140,
0x00000181e233ffc0, 0x00000181a3f56c90, 0x00000180a85efb80, 0x00000181da948280,
0x00000181a046dcc0, 0x0000018190f8fb20, 0x0000018190f902f0, 0x00000181dd323dc0,
0x00000181bfb4e860, 0x00000181c975f9c0, 0x00000181a3f64d90, 0x00000181bfb4b1b0,
0x00000181bfb4f030, 0x00000180aa888510, 0x00000181e202a6a0, 0x00000181cc802730,
0x00000180aa88ac20, 0x00000181cc7ff850, 0x00000181e202be10, 0x00000181dc6ae620,
0x00000181910008e0, 0x00000181b78b5fc0, 0x00000180aa88b3f0, 0x00000181dca7c4f0,
0x00000181dc9451e0, 0x00000180aa88c390, 0x00000181d7cdd770, 0x00000181d7cde710,
0x00000181e233b1a0, 0x00000181f81ef6f0, 0x00000181b78b38b0, 0x000001819101ce50,
0x000001819101f560
}

Java Threads: ( => current thread )
  0x00000180d35f1740 JavaThread "main"                              [_thread_blocked, id=1752, stack(0x0000004949200000,0x0000004949400000) (2048K)]
  0x00000180f9b84df0 JavaThread "Common-Cleaner"             daemon [_thread_blocked, id=9380, stack(0x0000004949b00000,0x0000004949c00000) (1024K)]
  0x00000180f9b89200 JavaThread "Reference Handler"          daemon [_thread_blocked, id=40952, stack(0x0000004949c00000,0x0000004949d00000) (1024K)]
  0x00000180f9b89c60 JavaThread "Finalizer"                  daemon [_thread_blocked, id=9336, stack(0x0000004949d00000,0x0000004949e00000) (1024K)]
  0x00000180f9b932f0 JavaThread "Signal Dispatcher"          daemon [_thread_blocked, id=33264, stack(0x0000004949e00000,0x0000004949f00000) (1024K)]
  0x00000180f9b94150 JavaThread "Attach Listener"            daemon [_thread_blocked, id=5116, stack(0x0000004949f00000,0x000000494a000000) (1024K)]
  0x00000180f9b97d30 JavaThread "Service Thread"             daemon [_thread_blocked, id=15496, stack(0x000000494a000000,0x000000494a100000) (1024K)]
  0x00000180f9b988f0 JavaThread "Monitor Deflation Thread"   daemon [_thread_blocked, id=15552, stack(0x000000494a100000,0x000000494a200000) (1024K)]
  0x00000180f9b9e520 JavaThread "C2 CompilerThread0"         daemon [_thread_blocked, id=9364, stack(0x000000494a200000,0x000000494a300000) (1024K)]
  0x00000180fca9b670 JavaThread "C1 CompilerThread0"         daemon [_thread_blocked, id=43012, stack(0x000000494a300000,0x000000494a400000) (1024K)]
  0x00000180a82ca8c0 JavaThread "Notification Thread"        daemon [_thread_blocked, id=19052, stack(0x000000494a400000,0x000000494a500000) (1024K)]
  0x00000180a8cf96d0 JavaThread "External Command Listener"  daemon [_thread_in_native, id=12992, stack(0x000000494b500000,0x000000494b600000) (1024K)]
  0x00000180a8cfc5b0 JavaThread "Java2D Disposer"            daemon [_thread_blocked, id=14980, stack(0x000000494b600000,0x000000494b700000) (1024K)]
  0x00000180a8cfbde0 JavaThread "AWT-Shutdown"                      [_thread_blocked, id=26168, stack(0x000000494b700000,0x000000494b800000) (1024K)]
  0x00000180a9761920 JavaThread "AWT-Windows"                daemon [_thread_in_native, id=28940, stack(0x000000494b800000,0x000000494b900000) (1024K)]
  0x00000180a9763860 JavaThread "kotlinx.coroutines.DefaultExecutor" daemon [_thread_blocked, id=15924, stack(0x000000494b900000,0x000000494ba00000) (1024K)]
  0x00000180a9764fd0 JavaThread "AWT-EventQueue-0"                  [_thread_blocked, id=54656, stack(0x000000494c000000,0x000000494c100000) (1024K)]
  0x00000180a9c30200 JavaThread "Kernel event loop thread bd0k6r34pnin4qktk28h" daemon [_thread_blocked, id=18408, stack(0x000000494c100000,0x000000494c200000) (1024K)]
  0x00000180ab17aae0 JavaThread "Context for reporting exceptions" daemon [_thread_blocked, id=32800, stack(0x000000494cf00000,0x000000494d000000) (1024K)]
  0x00000180aaa293a0 JavaThread "Coroutines Debugger Cleaner" daemon [_thread_blocked, id=31648, stack(0x000000494d000000,0x000000494d100000) (1024K)]
  0x00000180aaa2ca50 JavaThread "PeriodicMetricReader"       daemon [_thread_blocked, id=25736, stack(0x000000494d100000,0x000000494d200000) (1024K)]
  0x00000180cb63c050 JavaThread "Periodic tasks thread"      daemon [_thread_blocked, id=29180, stack(0x000000494d200000,0x000000494d300000) (1024K)]
  0x00000180cb6483a0 JavaThread "JNA Cleaner"                daemon [_thread_blocked, id=40052, stack(0x000000494d600000,0x000000494d700000) (1024K)]
  0x0000018155cab530 JavaThread "Netty Builtin Server 1"     daemon [_thread_in_native, id=40036, stack(0x000000494db00000,0x000000494dc00000) (1024K)]
  0x0000018155ca9dc0 JavaThread "Netty Station Client 1-1"   daemon [_thread_in_native, id=27092, stack(0x000000494dc00000,0x000000494dd00000) (1024K)]
  0x0000018155cabd00 JavaThread "Netty Station Server 1-1"   daemon [_thread_in_native, id=36088, stack(0x000000494dd00000,0x000000494de00000) (1024K)]
  0x0000018155cb0350 JavaThread "Reference Cleaner"          daemon [_thread_blocked, id=56964, stack(0x000000494de00000,0x000000494df00000) (1024K)]
  0x00000181617bcbf0 JavaThread "Netty Station Client 1-2"   daemon [_thread_in_native, id=37128, stack(0x000000494e500000,0x000000494e600000) (1024K)]
  0x00000181617c6060 JavaThread "fsnotifier.exe"                    [_thread_in_native, id=51932, stack(0x000000494e600000,0x000000494e700000) (1024K)]
  0x00000181617c3950 JavaThread "BaseDataReader: output stream of fsnotifier.exe"        [_thread_blocked, id=60248, stack(0x000000494e700000,0x000000494e800000) (1024K)]
  0x00000181617c5890 JavaThread "BaseDataReader: error stream of fsnotifier.exe"        [_thread_in_native, id=63104, stack(0x000000494e800000,0x000000494e900000) (1024K)]
  0x00000181622cf790 JavaThread "Windows Shell integration"  daemon [_thread_blocked, id=66964, stack(0x000000494e900000,0x000000494ea00000) (1024K)]
  0x0000018177495610 JavaThread "TimerQueue"                 daemon [_thread_blocked, id=50104, stack(0x000000494f000000,0x000000494f100000) (1024K)]
  0x0000018181355a80 JavaThread "java.exe"                          [_thread_in_native, id=64900, stack(0x000000494f200000,0x000000494f300000) (1024K)]
  0x000001818b145d80 JavaThread "BaseDataReader: error stream of java.exe"        [_thread_in_native, id=64224, stack(0x000000494f500000,0x000000494f600000) (1024K)]
  0x000001818b144de0 JavaThread "BaseDataReader: error stream of java.exe"        [_thread_in_native, id=47308, stack(0x000000494f600000,0x000000494f700000) (1024K)]
  0x00000181817dd6b0 JavaThread "Cleaner-0"                  daemon [_thread_blocked, id=42716, stack(0x0000004952700000,0x0000004952800000) (1024K)]
  0x00000181976aff90 JavaThread "BaseDataReader: output stream of java.exe"        [_thread_in_native, id=48812, stack(0x0000004952e00000,0x0000004952f00000) (1024K)]
  0x0000018192aaf7c0 JavaThread "BaseDataReader: output stream of java.exe"        [_thread_in_native, id=57748, stack(0x0000004953300000,0x0000004953400000) (1024K)]
  0x00000180a85f0b20 JavaThread "java.exe"                          [_thread_in_native, id=50088, stack(0x0000004953400000,0x0000004953500000) (1024K)]
  0x00000180a9c35020 JavaThread "HandlingStartupEventsContext" daemon [_thread_blocked, id=38856, stack(0x000000494d400000,0x000000494d500000) (1024K)]
  0x00000181ae541020 JavaThread "HttpClient-2-SelectorManager" daemon [_thread_in_native, id=31436, stack(0x0000004956b00000,0x0000004956c00000) (1024K)]
  0x00000181af3510d0 JavaThread "Jndi-Dns-address-change-listener" daemon [_thread_in_native, id=34336, stack(0x0000004956d00000,0x0000004956e00000) (1024K)]
  0x00000181c6e42d90 JavaThread "HttpClient-5-SelectorManager" daemon [_thread_in_native, id=43024, stack(0x0000004957c00000,0x0000004957d00000) (1024K)]
  0x00000181c96cc720 JavaThread "JVMResponsivenessMonitor"   daemon [_thread_blocked, id=52260, stack(0x0000004957e00000,0x0000004957f00000) (1024K)]
  0x00000181af9c1e30 JavaThread "Netty Builtin Server 2"            [_thread_in_native, id=59332, stack(0x0000004957f00000,0x0000004958000000) (1024K)]
  0x00000181c6e40e50 JavaThread "Netty Builtin Server 3"            [_thread_in_native, id=41336, stack(0x0000004958000000,0x0000004958100000) (1024K)]
  0x00000181c96c9840 JavaThread "Process Proxy: InterviewappApplication"        [_thread_in_native, id=47080, stack(0x0000004958100000,0x0000004958200000) (1024K)]
  0x00000181af9cd9b0 JavaThread "DefaultDispatcher-worker-8" daemon [_thread_blocked, id=45112, stack(0x000000494c300000,0x000000494c400000) (1024K)]
  0x00000181afa9e830 JavaThread "DefaultDispatcher-worker-16" daemon [_thread_blocked, id=64056, stack(0x000000494d900000,0x000000494da00000) (1024K)]
  0x00000181968f2cc0 JavaThread "DefaultDispatcher-worker-15" daemon [_thread_blocked, id=20908, stack(0x000000494ee00000,0x000000494ef00000) (1024K)]
  0x00000181862e6fb0 JavaThread "DefaultDispatcher-worker-25" daemon [_thread_blocked, id=27724, stack(0x000000494df00000,0x000000494e000000) (1024K)]
  0x00000181a3dfa830 JavaThread "DefaultDispatcher-worker-12" daemon [_thread_blocked, id=61252, stack(0x000000494f900000,0x000000494fa00000) (1024K)]
  0x0000018192ab0f30 JavaThread "DefaultDispatcher-worker-14" daemon [_thread_blocked, id=18644, stack(0x0000004951800000,0x0000004951900000) (1024K)]
  0x000001818204bfb0 JavaThread "DefaultDispatcher-worker-11" daemon [_thread_blocked, id=6212, stack(0x0000004951a00000,0x0000004951b00000) (1024K)]
  0x00000181a3e63180 JavaThread "DefaultDispatcher-worker-3" daemon [_thread_blocked, id=31156, stack(0x0000004951c00000,0x0000004951d00000) (1024K)]
  0x00000181a1a1a200 JavaThread "DefaultDispatcher-worker-24" daemon [_thread_blocked, id=12324, stack(0x0000004951f00000,0x0000004952000000) (1024K)]
  0x0000018186ae4b60 JavaThread "DefaultDispatcher-worker-7" daemon [_thread_blocked, id=50344, stack(0x0000004952000000,0x0000004952100000) (1024K)]
  0x000001819699e160 JavaThread "Aux Index Writer #1"        daemon [_thread_blocked, id=26820, stack(0x0000004952400000,0x0000004952500000) (1024K)]
  0x00000181966f36f0 JavaThread "Stubs Writer #2"            daemon [_thread_blocked, id=4432, stack(0x0000004952500000,0x0000004952600000) (1024K)]
  0x00000181a04c2060 JavaThread "IdIndex Writer #0"          daemon [_thread_blocked, id=67716, stack(0x0000004952600000,0x0000004952700000) (1024K)]
  0x00000181af5ae5b0 JavaThread "Trigram.Index Writer #1"    daemon [_thread_blocked, id=50516, stack(0x0000004952800000,0x0000004952900000) (1024K)]
  0x00000181af9cd1e0 JavaThread "RMI Scheduler(0)"           daemon [_thread_blocked, id=54332, stack(0x0000004952d00000,0x0000004952e00000) (1024K)]
  0x00000180a82a74c0 JavaThread "DefaultDispatcher-worker-6" daemon [_thread_blocked, id=67856, stack(0x0000004953b00000,0x0000004953c00000) (1024K)]
  0x00000181bfb4c150 JavaThread "DefaultDispatcher-worker-17" daemon [_thread_blocked, id=46920, stack(0x000000494ab00000,0x000000494ac00000) (1024K)]
  0x00000181909e3fa0 JavaThread "ForkJoinPool.commonPool-delayScheduler" daemon [_thread_blocked, id=62032, stack(0x000000494f400000,0x000000494f500000) (1024K)]
  0x000001819113d9a0 JavaThread "DefaultDispatcher-worker-5" daemon [_thread_blocked, id=64320, stack(0x0000004951b00000,0x0000004951c00000) (1024K)]
  0x000001819dffb530 JavaThread "DefaultDispatcher-worker-21" daemon [_thread_blocked, id=23644, stack(0x0000004952200000,0x0000004952300000) (1024K)]
  0x00000181d7408ba0 JavaThread "IjentThreadPool-1"          daemon [_thread_in_native, id=28636, stack(0x000000494ea00000,0x000000494eb00000) (1024K)]
  0x00000181d740d9c0 JavaThread "IjentThreadPool-2"          daemon [_thread_in_native, id=14244, stack(0x000000494ec00000,0x000000494ed00000) (1024K)]
  0x00000181d740b2b0 JavaThread "IjentThreadPool-3"          daemon [_thread_blocked, id=67400, stack(0x000000494ed00000,0x000000494ee00000) (1024K)]
  0x00000181d76df0d0 JavaThread "IjentThreadPool-5"          daemon [_thread_in_native, id=34116, stack(0x000000494f800000,0x000000494f900000) (1024K)]
  0x00000181d76e3ef0 JavaThread "IjentThreadPool-6"          daemon [_thread_in_native, id=59572, stack(0x000000494fa00000,0x000000494fb00000) (1024K)]
  0x00000181af9d0890 JavaThread "DefaultDispatcher-worker-26" daemon [_thread_blocked, id=32808, stack(0x000000494ac00000,0x000000494ad00000) (1024K)]
  0x0000018190ebfa10 JavaThread "DefaultDispatcher-worker-27" daemon [_thread_blocked, id=9848, stack(0x000000494ad00000,0x000000494ae00000) (1024K)]
  0x00000181d740a310 JavaThread "DefaultDispatcher-worker-2" daemon [_thread_blocked, id=43064, stack(0x000000494b100000,0x000000494b200000) (1024K)]
  0x0000018190ec01e0 JavaThread "DefaultDispatcher-worker-13" daemon [_thread_blocked, id=6636, stack(0x000000494b300000,0x000000494b400000) (1024K)]
  0x00000181af9d27d0 JavaThread "DefaultDispatcher-worker-4" daemon [_thread_blocked, id=5196, stack(0x0000004951400000,0x0000004951500000) (1024K)]
  0x00000181c97620d0 JavaThread "DefaultDispatcher-worker-18" daemon [_thread_blocked, id=8460, stack(0x0000004951500000,0x0000004951600000) (1024K)]
  0x00000181d210ca90 JavaThread "DefaultDispatcher-worker-22" daemon [_thread_blocked, id=62036, stack(0x0000004951700000,0x0000004951800000) (1024K)]
  0x000001818cbf5c50 JavaThread "DefaultDispatcher-worker-28" daemon [_thread_blocked, id=58052, stack(0x0000004949100000,0x0000004949200000) (1024K)]
  0x00000181901edaf0 JavaThread "DefaultDispatcher-worker-29" daemon [_thread_blocked, id=46032, stack(0x000000494a700000,0x000000494a800000) (1024K)]
  0x00000181d21110e0 JavaThread "DefaultDispatcher-worker-30" daemon [_thread_blocked, id=56276, stack(0x000000494aa00000,0x000000494ab00000) (1024K)]
  0x00000181c975e250 JavaThread "DefaultDispatcher-worker-31" daemon [_thread_blocked, id=32064, stack(0x000000494af00000,0x000000494b000000) (1024K)]
  0x00000181a3165020 JavaThread "DefaultDispatcher-worker-33" daemon [_thread_blocked, id=64420, stack(0x000000494b000000,0x000000494b100000) (1024K)]
  0x000001818cbf7b90 JavaThread "DefaultDispatcher-worker-32" daemon [_thread_blocked, id=25248, stack(0x000000494b200000,0x000000494b300000) (1024K)]
  0x000001819101fd30 JavaThread "DefaultDispatcher-worker-34" daemon [_thread_blocked, id=36592, stack(0x000000494c200000,0x000000494c300000) (1024K)]
  0x00000181c9764010 JavaThread "Reader thread for BuildOutputInstantReaderImpl@1,621,917,719"        [_thread_blocked, id=56592, stack(0x000000494a800000,0x000000494a900000) (1024K)]
  0x000001819113a2f0 JavaThread "BaseDataReader: error stream of java.exe"        [_thread_in_native, id=41528, stack(0x000000494fb00000,0x000000494fc00000) (1024K)]
  0x0000018191136c40 JavaThread "java.exe"                          [_thread_in_native, id=1812, stack(0x000000494fc00000,0x000000494fd00000) (1024K)]
  0x000001818d074b60 JavaThread "BaseDataReader: output stream of java.exe"        [_thread_in_native, id=66316, stack(0x000000494a900000,0x000000494aa00000) (1024K)]
  0x000001818d075b00 JavaThread "RMI RenewClean-[127.0.0.1:41611]" daemon [_thread_blocked, id=19692, stack(0x000000494fd00000,0x000000494fe00000) (1024K)]
  0x000001818d0762d0 JavaThread "RMI GC Daemon"              daemon [_thread_blocked, id=46232, stack(0x000000494fe00000,0x000000494ff00000) (1024K)]
  0x00000181bfb526e0 JavaThread "DefaultDispatcher-worker-35" daemon [_thread_blocked, id=32600, stack(0x000000494ff00000,0x0000004950000000) (1024K)]
  0x00000181a3d18810 JavaThread "DefaultDispatcher-worker-36" daemon [_thread_blocked, id=58496, stack(0x0000004950000000,0x0000004950100000) (1024K)]
  0x000001818d0f30b0 JavaThread "TerminalEmulator-Local"            [_thread_in_native, id=11660, stack(0x0000004950500000,0x0000004950600000) (1024K)]
  0x00000181af9cf120 JavaThread "DefaultDispatcher-worker-38" daemon [_thread_blocked, id=64848, stack(0x0000004950700000,0x0000004950800000) (1024K)]
  0x00000181c53255a0 JavaThread "DefaultDispatcher-worker-39" daemon [_thread_blocked, id=34016, stack(0x0000004950900000,0x0000004950a00000) (1024K)]
  0x000001819101c680 JavaThread "RMI RenewClean-[127.0.0.1:41623]" daemon [_thread_blocked, id=38808, stack(0x0000004950b00000,0x0000004950c00000) (1024K)]
  0x000001819113ca00 JavaThread "WinConPtyProcess WaitFor powershell.exe -NoExit -ExecutionPolicy Bypass -File "C:\Program Files\JetBrains\IntelliJ IDEA 2026.1\plugins\terminal\shell-integrations\powershell\powershell-integration.ps1"" daemon [_thread_in_native, id=64808, stack(0x0000004951000000,0x0000004951100000) (1024K)]
  0x000001818e4246c0 JavaThread "DefaultDispatcher-worker-40" daemon [_thread_blocked, id=46772, stack(0x0000004953200000,0x0000004953300000) (1024K)]
  0x0000018192ab1ed0 JavaThread "DefaultDispatcher-worker-41" daemon [_thread_blocked, id=4600, stack(0x0000004953500000,0x0000004953600000) (1024K)]
  0x000001819dffbd00 JavaThread "DefaultDispatcher-worker-43" daemon [_thread_blocked, id=19916, stack(0x0000004953600000,0x0000004953700000) (1024K)]
  0x000001818e425e30 JavaThread "DefaultDispatcher-worker-42" daemon [_thread_blocked, id=59296, stack(0x0000004953700000,0x0000004953800000) (1024K)]
  0x000001819fe0a270 JavaThread "DefaultDispatcher-worker-44" daemon [_thread_blocked, id=57324, stack(0x0000004953c00000,0x0000004953d00000) (1024K)]
  0x00000181a44dcf70 JavaThread "DefaultDispatcher-worker-48" daemon [_thread_blocked, id=22676, stack(0x0000004953d00000,0x0000004953e00000) (1024K)]
  0x00000181a44db030 JavaThread "DefaultDispatcher-worker-49" daemon [_thread_blocked, id=19488, stack(0x0000004953e00000,0x0000004953f00000) (1024K)]
  0x00000181a44db800 JavaThread "DefaultDispatcher-worker-19" daemon [_thread_blocked, id=11624, stack(0x0000004953f00000,0x0000004954000000) (1024K)]
  0x00000181a44dbfd0 JavaThread "DefaultDispatcher-worker-9" daemon [_thread_blocked, id=15852, stack(0x0000004954000000,0x0000004954100000) (1024K)]
  0x000001818f4a7720 JavaThread "DefaultDispatcher-worker-20" daemon [_thread_blocked, id=39416, stack(0x0000004954100000,0x0000004954200000) (1024K)]
  0x000001818f372800 JavaThread "DefaultDispatcher-worker-45" daemon [_thread_blocked, id=63648, stack(0x0000004954200000,0x0000004954300000) (1024K)]
  0x00000180a82a45e0 JavaThread "DefaultDispatcher-worker-46" daemon [_thread_blocked, id=13448, stack(0x0000004954300000,0x0000004954400000) (1024K)]
  0x000001818e426dd0 JavaThread "DefaultDispatcher-worker-47" daemon [_thread_blocked, id=12532, stack(0x0000004954400000,0x0000004954500000) (1024K)]
  0x00000181e23d0710 JavaThread "DefaultDispatcher-worker-10" daemon [_thread_blocked, id=25856, stack(0x0000004954700000,0x0000004954800000) (1024K)]
  0x00000181d9267320 JavaThread "DefaultDispatcher-worker-37" daemon [_thread_blocked, id=13904, stack(0x0000004954800000,0x0000004954900000) (1024K)]
  0x00000181d9267af0 JavaThread "rd throttler"               daemon [_thread_blocked, id=54360, stack(0x0000004950200000,0x0000004950300000) (1024K)]
  0x00000181d76e2780 JavaThread "DefaultDispatcher-worker-23" daemon [_thread_blocked, id=19832, stack(0x000000494e400000,0x000000494e500000) (1024K)]
  0x00000181bfb4b980 JavaThread "DefaultDispatcher-worker-1" daemon [_thread_blocked, id=14036, stack(0x000000494f700000,0x000000494f800000) (1024K)]
  0x00000181909e37d0 JavaThread "java.exe"                          [_thread_in_native, id=36076, stack(0x000000494c400000,0x000000494c500000) (1024K)]
  0x00000181da949220 JavaThread "Process Proxy: AuthserviceApplication"        [_thread_in_native, id=27360, stack(0x0000004950d00000,0x0000004950e00000) (1024K)]
  0x00000181da9472e0 JavaThread "java.exe"                          [_thread_in_native, id=12608, stack(0x0000004950e00000,0x0000004950f00000) (1024K)]
  0x00000181dc947120 JavaThread "BaseDataReader: output stream of java.exe"        [_thread_in_native, id=59464, stack(0x0000004950f00000,0x0000004951000000) (1024K)]
  0x00000181dc9478f0 JavaThread "BaseDataReader: error stream of java.exe"        [_thread_in_native, id=48708, stack(0x0000004951200000,0x0000004951300000) (1024K)]
  0x00000181e233c140 JavaThread "java.exe"                          [_thread_in_native, id=43256, stack(0x0000004951300000,0x0000004951400000) (1024K)]
  0x00000181e233ffc0 JavaThread "Process Proxy: CvserviceApplication"        [_thread_in_native, id=68156, stack(0x0000004951900000,0x0000004951a00000) (1024K)]
  0x00000181a3f56c90 JavaThread "BaseDataReader: output stream of java.exe"        [_thread_in_native, id=33684, stack(0x0000004951d00000,0x0000004951e00000) (1024K)]
  0x00000180a85efb80 JavaThread "BaseDataReader: error stream of java.exe"        [_thread_in_native, id=33536, stack(0x0000004951e00000,0x0000004951f00000) (1024K)]
  0x00000181da948280 JavaThread "ApplicationImpl pooled thread 120"        [_thread_blocked, id=27644, stack(0x0000004952300000,0x0000004952400000) (1024K)]
  0x00000181a046dcc0 JavaThread "BaseDataReader: output stream of java.exe"        [_thread_in_native, id=54836, stack(0x0000004952900000,0x0000004952a00000) (1024K)]
  0x0000018190f8fb20 JavaThread "Process Proxy: AtsserviceApplication"        [_thread_in_native, id=5032, stack(0x0000004952a00000,0x0000004952b00000) (1024K)]
  0x0000018190f902f0 JavaThread "java.exe"                          [_thread_in_native, id=10740, stack(0x0000004952b00000,0x0000004952c00000) (1024K)]
  0x00000181dd323dc0 JavaThread "BaseDataReader: error stream of java.exe"        [_thread_in_native, id=24096, stack(0x0000004952f00000,0x0000004953000000) (1024K)]
  0x00000181bfb4e860 JavaThread "BaseDataReader: error stream of java.exe"        [_thread_in_native, id=28292, stack(0x0000004953000000,0x0000004953100000) (1024K)]
  0x00000181c975f9c0 JavaThread "BaseDataReader: output stream of java.exe"        [_thread_in_native, id=63680, stack(0x0000004949000000,0x0000004949100000) (1024K)]
  0x00000181a3f64d90 JavaThread "java.exe"                          [_thread_in_native, id=51576, stack(0x0000004950c00000,0x0000004950d00000) (1024K)]
  0x00000181bfb4b1b0 JavaThread "BaseDataReader: error stream of java.exe"        [_thread_in_native, id=52532, stack(0x0000004953900000,0x0000004953a00000) (1024K)]
  0x00000181bfb4f030 JavaThread "BaseDataReader: output stream of java.exe"        [_thread_in_native, id=49784, stack(0x0000004953a00000,0x0000004953b00000) (1024K)]
  0x00000180aa888510 JavaThread "ApplicationImpl pooled thread 124"        [_thread_blocked, id=8572, stack(0x000000494ae00000,0x000000494af00000) (1024K)]
  0x00000181e202a6a0 JavaThread "JobScheduler FJ pool 0/15"  daemon [_thread_blocked, id=10292, stack(0x000000494c700000,0x000000494c800000) (1024K)]
  0x00000181cc802730 JavaThread "JobScheduler FJ pool 1/15"  daemon [_thread_blocked, id=40884, stack(0x000000494c800000,0x000000494c900000) (1024K)]
  0x00000180aa88ac20 JavaThread "JobScheduler FJ pool 2/15"  daemon [_thread_blocked, id=14908, stack(0x000000494d300000,0x000000494d400000) (1024K)]
  0x00000181cc7ff850 JavaThread "JobScheduler FJ pool 3/15"  daemon [_thread_blocked, id=39760, stack(0x000000494d500000,0x000000494d600000) (1024K)]
  0x00000181e202be10 JavaThread "JobScheduler FJ pool 4/15"  daemon [_thread_blocked, id=60584, stack(0x000000494da00000,0x000000494db00000) (1024K)]
  0x00000181dc6ae620 JavaThread "JobScheduler FJ pool 5/15"  daemon [_thread_blocked, id=41516, stack(0x000000494e000000,0x000000494e100000) (1024K)]
  0x00000181910008e0 JavaThread "JobScheduler FJ pool 6/15"  daemon [_thread_blocked, id=37636, stack(0x000000494e200000,0x000000494e300000) (1024K)]
  0x00000181b78b5fc0 JavaThread "JobScheduler FJ pool 7/15"  daemon [_thread_blocked, id=37912, stack(0x000000494e300000,0x000000494e400000) (1024K)]
  0x00000180aa88b3f0 JavaThread "JobScheduler FJ pool 8/15"  daemon [_thread_blocked, id=6736, stack(0x000000494eb00000,0x000000494ec00000) (1024K)]
  0x00000181dca7c4f0 JavaThread "JobScheduler FJ pool 9/15"  daemon [_thread_blocked, id=22664, stack(0x000000494ef00000,0x000000494f000000) (1024K)]
  0x00000181dc9451e0 JavaThread "JobScheduler FJ pool 10/15" daemon [_thread_blocked, id=47716, stack(0x000000494f100000,0x000000494f200000) (1024K)]
  0x00000180aa88c390 JavaThread "Process Proxy: PdfserviceApplication"        [_thread_in_native, id=38776, stack(0x000000494f300000,0x000000494f400000) (1024K)]
  0x00000181d7cdd770 JavaThread "ApplicationImpl pooled thread 127"        [_thread_blocked, id=34808, stack(0x0000004948f00000,0x0000004949000000) (1024K)]
  0x00000181d7cde710 JavaThread "ApplicationImpl pooled thread 128"        [_thread_blocked, id=43004, stack(0x000000494b400000,0x000000494b500000) (1024K)]
  0x00000181e233b1a0 JavaThread "JobScheduler FJ pool 11/15" daemon [_thread_blocked, id=54804, stack(0x000000494c500000,0x000000494c600000) (1024K)]
  0x00000181f81ef6f0 JavaThread "JobScheduler FJ pool 13/15" daemon [_thread_blocked, id=54100, stack(0x000000494c600000,0x000000494c700000) (1024K)]
  0x00000181b78b38b0 JavaThread "JobScheduler FJ pool 12/15" daemon [_thread_blocked, id=2360, stack(0x0000004950100000,0x0000004950200000) (1024K)]
  0x000001819101ce50 JavaThread "JobScheduler FJ pool 14/15" daemon [_thread_blocked, id=46360, stack(0x0000004950300000,0x0000004950400000) (1024K)]
  0x000001819101f560 JavaThread "I/O pool 258"                      [_thread_blocked, id=7408, stack(0x0000004950400000,0x0000004950500000) (1024K)]
Total: 157

Other Threads:
=>0x00000180f9b7a2b0 VMThread "VM Thread"                           [id=35128, stack(0x0000004949a00000,0x0000004949b00000) (1024K)]
  0x00000180f9a47860 WatcherThread "VM Periodic Task Thread"        [id=9656, stack(0x0000004949900000,0x0000004949a00000) (1024K)]
  0x00000180d3630770 WorkerThread "GC Thread#0"                     [id=51780, stack(0x0000004949400000,0x0000004949500000) (1024K)]
  0x00000180f9b7b840 WorkerThread "GC Thread#1"                     [id=7460, stack(0x000000494a500000,0x000000494a600000) (1024K)]
  0x00000180f9b79170 WorkerThread "GC Thread#2"                     [id=24228, stack(0x000000494a600000,0x000000494a700000) (1024K)]
  0x00000180a8bfc780 WorkerThread "GC Thread#3"                     [id=1996, stack(0x000000494ba00000,0x000000494bb00000) (1024K)]
  0x00000180a8bfcbd0 WorkerThread "GC Thread#4"                     [id=19848, stack(0x000000494bb00000,0x000000494bc00000) (1024K)]
  0x00000180a8bfd020 WorkerThread "GC Thread#5"                     [id=52344, stack(0x000000494bc00000,0x000000494bd00000) (1024K)]
  0x00000180a8bfd470 WorkerThread "GC Thread#6"                     [id=50628, stack(0x000000494bd00000,0x000000494be00000) (1024K)]
  0x00000180aa94d420 WorkerThread "GC Thread#7"                     [id=31820, stack(0x000000494c900000,0x000000494ca00000) (1024K)]
  0x00000180aa94dcc0 WorkerThread "GC Thread#8"                     [id=15968, stack(0x000000494ca00000,0x000000494cb00000) (1024K)]
  0x00000180aa94b5f0 WorkerThread "GC Thread#9"                     [id=24948, stack(0x000000494cb00000,0x000000494cc00000) (1024K)]
  0x00000180aa94c730 WorkerThread "GC Thread#10"                    [id=29064, stack(0x000000494cc00000,0x000000494cd00000) (1024K)]
  0x00000180aa94ba40 WorkerThread "GC Thread#11"                    [id=1656, stack(0x000000494cd00000,0x000000494ce00000) (1024K)]
  0x00000180aa94e110 WorkerThread "GC Thread#12"                    [id=29656, stack(0x000000494ce00000,0x000000494cf00000) (1024K)]
  0x00000180d363dfa0 ConcurrentGCThread "G1 Main Marker"            [id=61556, stack(0x0000004949500000,0x0000004949600000) (1024K)]
  0x00000180d363eb40 WorkerThread "G1 Conc#0"                       [id=55060, stack(0x0000004949600000,0x0000004949700000) (1024K)]
  0x00000180a9a9fb90 WorkerThread "G1 Conc#1"                       [id=29292, stack(0x000000494be00000,0x000000494bf00000) (1024K)]
  0x00000180a9a9ffe0 WorkerThread "G1 Conc#2"                       [id=9348, stack(0x000000494bf00000,0x000000494c000000) (1024K)]
  0x00000180f9a30720 ConcurrentGCThread "G1 Refine#0"               [id=63284, stack(0x0000004949700000,0x0000004949800000) (1024K)]
  0x00000180f9a33140 ConcurrentGCThread "G1 Service"                [id=42512, stack(0x0000004949800000,0x0000004949900000) (1024K)]
Total: 21

Threads with active compile tasks:
Total: 0

VM state: at safepoint (normal execution)

VM Mutex/Monitor currently owned by a thread:  ([mutex/lock_event])
[0x00007ff9b18f1ba0] Threads_lock - owner thread: 0x00000180f9b7a2b0
[0x00007ff9b18f1d20] Heap_lock - owner thread: 0x00000181af9d0890

Heap address: 0x00000000c0000000, size: 1024 MB, Compressed Oops mode: 32-bit

CDS archive(s) mapped at: [0x000000002d000000-0x000000002ecd0000-0x000000002ecd0000), size 30212096, SharedBaseAddress: 0x000000002d000000, ArchiveRelocationMode: 1.
Compressed class space mapped at: 0x000000002f000000-0x000000006f000000, reserved size: 1073741824
UseCompressedClassPointers 1, UseCompactObjectHeaders 0
Narrow klass pointer bits 32, Max shift 3
Narrow klass base: 0x000000002d000000, Narrow klass shift: 0
Encoding Range: [0x000000002d000000 - 0x000000012d000000), (4294967296 bytes)
Klass Range:    [0x000000002d010000 - 0x000000006f000000), (1107230720 bytes)
Klass ID Range:  [65536 - 1107296249) (1107230713)
Protection zone: [0x000000002d000000 - 0x000000002d010000), (65536 bytes)

GC Precious Log:
 CardTable entry size: 512
 Card Set container configuration: InlinePtr #cards 5 size 8 Array Of Cards #cards 10 size 36 Howl #buckets 4 coarsen threshold 1843 Howl Bitmap #cards 512 size 80 coarsen threshold 460 Card regions per heap region 1 cards per card region 2048
 CPUs: 16 total, 16 available
 Memory: 16114M
 Large Page Support: Disabled
 NUMA Support: Disabled
 Compressed Oops: Enabled (32-bit)
 Heap Region Size: 1M
 Heap Min Capacity: 128M
 Heap Initial Capacity: 128M
 Heap Max Capacity: 1G
 Pre-touch: Disabled
 Parallel Workers: 13
 Concurrent Workers: 3
 Concurrent Refinement Workers: 13
 Periodic GC: Disabled

Heap:
 garbage-first heap   total reserved 1048576K, committed 969728K, used 863738K [0x00000000c0000000, 0x0000000100000000)
  region size 1024K, 304 young (311296K), 22 survivors (22528K)

Heap Regions: E=young(eden), S=young(survivor), O=old, HS=humongous(starts), HC=humongous(continues), CS=collection set, F=free, TAMS=top-at-mark-start, PB=parsable bottom
|   0|0x00000000c0000000, 0x00000000c0100000, 0x00000000c0100000|100%| O|  |TAMS 0x00000000c0000000| PB 0x00000000c0000000| Untracked |  0
|   1|0x00000000c0100000, 0x00000000c0200000, 0x00000000c0200000|100%| O|  |TAMS 0x00000000c0100000| PB 0x00000000c0100000| Untracked |  0
|   2|0x00000000c0200000, 0x00000000c0300000, 0x00000000c0300000|100%| O|  |TAMS 0x00000000c0200000| PB 0x00000000c0200000| Untracked |  0
|   3|0x00000000c0300000, 0x00000000c03ffff0, 0x00000000c0400000| 99%| O|  |TAMS 0x00000000c0300000| PB 0x00000000c0300000| Untracked |  0
|   4|0x00000000c0400000, 0x00000000c0500000, 0x00000000c0500000|100%| O|  |TAMS 0x00000000c0400000| PB 0x00000000c0400000| Untracked |  0
|   5|0x00000000c0500000, 0x00000000c0600000, 0x00000000c0600000|100%| O|  |TAMS 0x00000000c0500000| PB 0x00000000c0500000| Untracked |  0
|   6|0x00000000c0600000, 0x00000000c06fff98, 0x00000000c0700000| 99%| O|  |TAMS 0x00000000c0600000| PB 0x00000000c0600000| Untracked |  0
|   7|0x00000000c0700000, 0x00000000c07fffe0, 0x00000000c0800000| 99%| O|  |TAMS 0x00000000c0700000| PB 0x00000000c0700000| Untracked |  0
|   8|0x00000000c0800000, 0x00000000c08fa378, 0x00000000c0900000| 97%| O|  |TAMS 0x00000000c0800000| PB 0x00000000c0800000| Untracked |  0
|   9|0x00000000c0900000, 0x00000000c0a00000, 0x00000000c0a00000|100%|HS|  |TAMS 0x00000000c0900000| PB 0x00000000c0900000| Complete |  0
|  10|0x00000000c0a00000, 0x00000000c0b00000, 0x00000000c0b00000|100%|HS|  |TAMS 0x00000000c0a00000| PB 0x00000000c0a00000| Complete |  0
|  11|0x00000000c0b00000, 0x00000000c0bffff8, 0x00000000c0c00000| 99%| O|  |TAMS 0x00000000c0b00000| PB 0x00000000c0b00000| Untracked |  0
|  12|0x00000000c0c00000, 0x00000000c0cffff8, 0x00000000c0d00000| 99%| O|  |TAMS 0x00000000c0c00000| PB 0x00000000c0c00000| Untracked |  0
|  13|0x00000000c0d00000, 0x00000000c0dfffe8, 0x00000000c0e00000| 99%| O|  |TAMS 0x00000000c0d00000| PB 0x00000000c0d00000| Untracked |  0
|  14|0x00000000c0e00000, 0x00000000c0f00000, 0x00000000c0f00000|100%|HS|  |TAMS 0x00000000c0e00000| PB 0x00000000c0e00000| Complete |  0
|  15|0x00000000c0f00000, 0x00000000c1000000, 0x00000000c1000000|100%|HC|  |TAMS 0x00000000c0f00000| PB 0x00000000c0f00000| Complete |  0
|  16|0x00000000c1000000, 0x00000000c10fffa0, 0x00000000c1100000| 99%| O|  |TAMS 0x00000000c1000000| PB 0x00000000c1000000| Untracked |  0
|  17|0x00000000c1100000, 0x00000000c11fffe8, 0x00000000c1200000| 99%| O|  |TAMS 0x00000000c1100000| PB 0x00000000c1100000| Untracked |  0
|  18|0x00000000c1200000, 0x00000000c12ffff8, 0x00000000c1300000| 99%| O|  |TAMS 0x00000000c1200000| PB 0x00000000c1200000| Untracked |  0
|  19|0x00000000c1300000, 0x00000000c1400000, 0x00000000c1400000|100%| O|  |TAMS 0x00000000c1300000| PB 0x00000000c1300000| Untracked |  0
|  20|0x00000000c1400000, 0x00000000c1500000, 0x00000000c1500000|100%| O|  |TAMS 0x00000000c1400000| PB 0x00000000c1400000| Untracked |  0
|  21|0x00000000c1500000, 0x00000000c15ffff0, 0x00000000c1600000| 99%| O|  |TAMS 0x00000000c1500000| PB 0x00000000c1500000| Untracked |  0
|  22|0x00000000c1600000, 0x00000000c16fffb8, 0x00000000c1700000| 99%| O|  |TAMS 0x00000000c1600000| PB 0x00000000c1600000| Untracked |  0
|  23|0x00000000c1700000, 0x00000000c17fffe0, 0x00000000c1800000| 99%| O|  |TAMS 0x00000000c1700000| PB 0x00000000c1700000| Untracked |  0
|  24|0x00000000c1800000, 0x00000000c18ffc60, 0x00000000c1900000| 99%| O|  |TAMS 0x00000000c1800000| PB 0x00000000c1800000| Untracked |  0
|  25|0x00000000c1900000, 0x00000000c19ffcf0, 0x00000000c1a00000| 99%| O|  |TAMS 0x00000000c1900000| PB 0x00000000c1900000| Untracked |  0
|  26|0x00000000c1a00000, 0x00000000c1afffd0, 0x00000000c1b00000| 99%| O|  |TAMS 0x00000000c1a00000| PB 0x00000000c1a00000| Untracked |  0
|  27|0x00000000c1b00000, 0x00000000c1c00000, 0x00000000c1c00000|100%| O|  |TAMS 0x00000000c1b00000| PB 0x00000000c1b00000| Untracked |  0
|  28|0x00000000c1c00000, 0x00000000c1cfffd0, 0x00000000c1d00000| 99%| O|  |TAMS 0x00000000c1c00000| PB 0x00000000c1c00000| Untracked |  0
|  29|0x00000000c1d00000, 0x00000000c1df9990, 0x00000000c1e00000| 97%| O|  |TAMS 0x00000000c1d00000| PB 0x00000000c1d00000| Untracked |  0
|  30|0x00000000c1e00000, 0x00000000c1f00000, 0x00000000c1f00000|100%| O|  |TAMS 0x00000000c1e00000| PB 0x00000000c1e00000| Untracked |  0
|  31|0x00000000c1f00000, 0x00000000c1fffeb8, 0x00000000c2000000| 99%| O|  |TAMS 0x00000000c1f00000| PB 0x00000000c1f00000| Untracked |  0
|  32|0x00000000c2000000, 0x00000000c20fffb8, 0x00000000c2100000| 99%| O|  |TAMS 0x00000000c2000000| PB 0x00000000c2000000| Untracked |  0
|  33|0x00000000c2100000, 0x00000000c2200000, 0x00000000c2200000|100%| O|  |TAMS 0x00000000c2100000| PB 0x00000000c2100000| Untracked |  0
|  34|0x00000000c2200000, 0x00000000c2300000, 0x00000000c2300000|100%| O|  |TAMS 0x00000000c2200000| PB 0x00000000c2200000| Untracked |  0
|  35|0x00000000c2300000, 0x00000000c2400000, 0x00000000c2400000|100%| O|  |TAMS 0x00000000c2300000| PB 0x00000000c2300000| Untracked |  0
|  36|0x00000000c2400000, 0x00000000c2500000, 0x00000000c2500000|100%| O|  |TAMS 0x00000000c2400000| PB 0x00000000c2400000| Untracked |  0
|  37|0x00000000c2500000, 0x00000000c2600000, 0x00000000c2600000|100%| O|  |TAMS 0x00000000c2500000| PB 0x00000000c2500000| Untracked |  0
|  38|0x00000000c2600000, 0x00000000c2700000, 0x00000000c2700000|100%| O|  |TAMS 0x00000000c2600000| PB 0x00000000c2600000| Untracked |  0
|  39|0x00000000c2700000, 0x00000000c27fffd0, 0x00000000c2800000| 99%| O|  |TAMS 0x00000000c2700000| PB 0x00000000c2700000| Untracked |  0
|  40|0x00000000c2800000, 0x00000000c28ffff0, 0x00000000c2900000| 99%| O|  |TAMS 0x00000000c2800000| PB 0x00000000c2800000| Untracked |  0
|  41|0x00000000c2900000, 0x00000000c29ffcf0, 0x00000000c2a00000| 99%| O|  |TAMS 0x00000000c2900000| PB 0x00000000c2900000| Untracked |  0
|  42|0x00000000c2a00000, 0x00000000c2affff8, 0x00000000c2b00000| 99%| O|  |TAMS 0x00000000c2a00000| PB 0x00000000c2a00000| Untracked |  0
|  43|0x00000000c2b00000, 0x00000000c2bfe610, 0x00000000c2c00000| 99%| O|  |TAMS 0x00000000c2b00000| PB 0x00000000c2b00000| Untracked |  0
|  44|0x00000000c2c00000, 0x00000000c2cfffd8, 0x00000000c2d00000| 99%| O|  |TAMS 0x00000000c2c00000| PB 0x00000000c2c00000| Untracked |  0
|  45|0x00000000c2d00000, 0x00000000c2e00000, 0x00000000c2e00000|100%| O|  |TAMS 0x00000000c2d00000| PB 0x00000000c2d00000| Untracked |  0
|  46|0x00000000c2e00000, 0x00000000c2efff70, 0x00000000c2f00000| 99%| O|  |TAMS 0x00000000c2e00000| PB 0x00000000c2e00000| Untracked |  0
|  47|0x00000000c2f00000, 0x00000000c3000000, 0x00000000c3000000|100%| O|  |TAMS 0x00000000c2f00000| PB 0x00000000c2f00000| Untracked |  0
|  48|0x00000000c3000000, 0x00000000c30ffff8, 0x00000000c3100000| 99%| O|  |TAMS 0x00000000c3000000| PB 0x00000000c3000000| Untracked |  0
|  49|0x00000000c3100000, 0x00000000c3200000, 0x00000000c3200000|100%| O|  |TAMS 0x00000000c3100000| PB 0x00000000c3100000| Untracked |  0
|  50|0x00000000c3200000, 0x00000000c3300000, 0x00000000c3300000|100%| O|  |TAMS 0x00000000c3200000| PB 0x00000000c3200000| Untracked |  0
|  51|0x00000000c3300000, 0x00000000c33fffe8, 0x00000000c3400000| 99%| O|  |TAMS 0x00000000c3300000| PB 0x00000000c3300000| Untracked |  0
|  52|0x00000000c3400000, 0x00000000c34fffd0, 0x00000000c3500000| 99%| O|  |TAMS 0x00000000c3400000| PB 0x00000000c3400000| Untracked |  0
|  53|0x00000000c3500000, 0x00000000c35fffc0, 0x00000000c3600000| 99%| O|  |TAMS 0x00000000c3500000| PB 0x00000000c3500000| Untracked |  0
|  54|0x00000000c3600000, 0x00000000c36ffff8, 0x00000000c3700000| 99%| O|  |TAMS 0x00000000c3600000| PB 0x00000000c3600000| Untracked |  0
|  55|0x00000000c3700000, 0x00000000c37fffe8, 0x00000000c3800000| 99%| O|  |TAMS 0x00000000c3700000| PB 0x00000000c3700000| Untracked |  0
|  56|0x00000000c3800000, 0x00000000c38ffff0, 0x00000000c3900000| 99%| O|  |TAMS 0x00000000c3800000| PB 0x00000000c3800000| Untracked |  0
|  57|0x00000000c3900000, 0x00000000c39ffff0, 0x00000000c3a00000| 99%| O|  |TAMS 0x00000000c3900000| PB 0x00000000c3900000| Untracked |  0
|  58|0x00000000c3a00000, 0x00000000c3affff8, 0x00000000c3b00000| 99%| O|  |TAMS 0x00000000c3a00000| PB 0x00000000c3a00000| Untracked |  0
|  59|0x00000000c3b00000, 0x00000000c3bfffd8, 0x00000000c3c00000| 99%| O|  |TAMS 0x00000000c3b00000| PB 0x00000000c3b00000| Untracked |  0
|  60|0x00000000c3c00000, 0x00000000c3cffff8, 0x00000000c3d00000| 99%| O|  |TAMS 0x00000000c3c00000| PB 0x00000000c3c00000| Untracked |  0
|  61|0x00000000c3d00000, 0x00000000c3e00000, 0x00000000c3e00000|100%| O|  |TAMS 0x00000000c3d00000| PB 0x00000000c3d00000| Untracked |  0
|  62|0x00000000c3e00000, 0x00000000c3effff8, 0x00000000c3f00000| 99%| O|  |TAMS 0x00000000c3e00000| PB 0x00000000c3e00000| Untracked |  0
|  63|0x00000000c3f00000, 0x00000000c3ffffe8, 0x00000000c4000000| 99%| O|  |TAMS 0x00000000c3f00000| PB 0x00000000c3f00000| Untracked |  0
|  64|0x00000000c4000000, 0x00000000c40fffd0, 0x00000000c4100000| 99%| O|  |TAMS 0x00000000c4000000| PB 0x00000000c4000000| Untracked |  0
|  65|0x00000000c4100000, 0x00000000c41ffff8, 0x00000000c4200000| 99%| O|  |TAMS 0x00000000c4100000| PB 0x00000000c4100000| Untracked |  0
|  66|0x00000000c4200000, 0x00000000c42ffff8, 0x00000000c4300000| 99%| O|  |TAMS 0x00000000c4200000| PB 0x00000000c4200000| Untracked |  0
|  67|0x00000000c4300000, 0x00000000c43fffd8, 0x00000000c4400000| 99%| O|  |TAMS 0x00000000c4300000| PB 0x00000000c4300000| Untracked |  0
|  68|0x00000000c4400000, 0x00000000c44fffd8, 0x00000000c4500000| 99%| O|  |TAMS 0x00000000c4400000| PB 0x00000000c4400000| Untracked |  0
|  69|0x00000000c4500000, 0x00000000c45ffff8, 0x00000000c4600000| 99%| O|  |TAMS 0x00000000c4500000| PB 0x00000000c4500000| Untracked |  0
|  70|0x00000000c4600000, 0x00000000c46fffe8, 0x00000000c4700000| 99%| O|  |TAMS 0x00000000c4600000| PB 0x00000000c4600000| Untracked |  0
|  71|0x00000000c4700000, 0x00000000c47fffc0, 0x00000000c4800000| 99%| O|  |TAMS 0x00000000c4700000| PB 0x00000000c4700000| Untracked |  0
|  72|0x00000000c4800000, 0x00000000c48ffff0, 0x00000000c4900000| 99%| O|  |TAMS 0x00000000c4800000| PB 0x00000000c4800000| Untracked |  0
|  73|0x00000000c4900000, 0x00000000c4a00000, 0x00000000c4a00000|100%| O|  |TAMS 0x00000000c4900000| PB 0x00000000c4900000| Untracked |  0
|  74|0x00000000c4a00000, 0x00000000c4affff0, 0x00000000c4b00000| 99%| O|  |TAMS 0x00000000c4a00000| PB 0x00000000c4a00000| Untracked |  0
|  75|0x00000000c4b00000, 0x00000000c4bffaa8, 0x00000000c4c00000| 99%| O|  |TAMS 0x00000000c4b00000| PB 0x00000000c4b00000| Untracked |  0
|  76|0x00000000c4c00000, 0x00000000c4d00000, 0x00000000c4d00000|100%| O|  |TAMS 0x00000000c4c00000| PB 0x00000000c4c00000| Untracked |  0
|  77|0x00000000c4d00000, 0x00000000c4e00000, 0x00000000c4e00000|100%|HS|  |TAMS 0x00000000c4d00000| PB 0x00000000c4d00000| Complete |  0
|  78|0x00000000c4e00000, 0x00000000c4f00000, 0x00000000c4f00000|100%|HC|  |TAMS 0x00000000c4e00000| PB 0x00000000c4e00000| Complete |  0
|  79|0x00000000c4f00000, 0x00000000c5000000, 0x00000000c5000000|100%|HS|  |TAMS 0x00000000c4f00000| PB 0x00000000c4f00000| Complete |  0
|  80|0x00000000c5000000, 0x00000000c5100000, 0x00000000c5100000|100%|HC|  |TAMS 0x00000000c5000000| PB 0x00000000c5000000| Complete |  0
|  81|0x00000000c5100000, 0x00000000c5200000, 0x00000000c5200000|100%| O|  |TAMS 0x00000000c5100000| PB 0x00000000c5100000| Untracked |  0
|  82|0x00000000c5200000, 0x00000000c5300000, 0x00000000c5300000|100%| O|  |TAMS 0x00000000c5200000| PB 0x00000000c5200000| Untracked |  0
|  83|0x00000000c5300000, 0x00000000c53ffff8, 0x00000000c5400000| 99%| O|  |TAMS 0x00000000c5300000| PB 0x00000000c5300000| Untracked |  0
|  84|0x00000000c5400000, 0x00000000c54ffff0, 0x00000000c5500000| 99%| O|  |TAMS 0x00000000c5400000| PB 0x00000000c5400000| Untracked |  0
|  85|0x00000000c5500000, 0x00000000c55fffd0, 0x00000000c5600000| 99%| O|  |TAMS 0x00000000c5500000| PB 0x00000000c5500000| Untracked |  0
|  86|0x00000000c5600000, 0x00000000c56fd7b8, 0x00000000c5700000| 99%| O|  |TAMS 0x00000000c5600000| PB 0x00000000c5600000| Untracked |  0
|  87|0x00000000c5700000, 0x00000000c57fffe8, 0x00000000c5800000| 99%| O|  |TAMS 0x00000000c5700000| PB 0x00000000c5700000| Untracked |  0
|  88|0x00000000c5800000, 0x00000000c58ffff8, 0x00000000c5900000| 99%| O|  |TAMS 0x00000000c5800000| PB 0x00000000c5800000| Untracked |  0
|  89|0x00000000c5900000, 0x00000000c59fffd0, 0x00000000c5a00000| 99%| O|  |TAMS 0x00000000c5900000| PB 0x00000000c5900000| Untracked |  0
|  90|0x00000000c5a00000, 0x00000000c5b00000, 0x00000000c5b00000|100%|HS|  |TAMS 0x00000000c5a00000| PB 0x00000000c5a00000| Complete |  0
|  91|0x00000000c5b00000, 0x00000000c5c00000, 0x00000000c5c00000|100%|HC|  |TAMS 0x00000000c5b00000| PB 0x00000000c5b00000| Complete |  0
|  92|0x00000000c5c00000, 0x00000000c5d00000, 0x00000000c5d00000|100%|HC|  |TAMS 0x00000000c5c00000| PB 0x00000000c5c00000| Complete |  0
|  93|0x00000000c5d00000, 0x00000000c5e00000, 0x00000000c5e00000|100%|HC|  |TAMS 0x00000000c5d00000| PB 0x00000000c5d00000| Complete |  0
|  94|0x00000000c5e00000, 0x00000000c5f00000, 0x00000000c5f00000|100%|HC|  |TAMS 0x00000000c5e00000| PB 0x00000000c5e00000| Complete |  0
|  95|0x00000000c5f00000, 0x00000000c5ffffc8, 0x00000000c6000000| 99%| O|  |TAMS 0x00000000c5f00000| PB 0x00000000c5f00000| Untracked |  0
|  96|0x00000000c6000000, 0x00000000c6100000, 0x00000000c6100000|100%| O|  |TAMS 0x00000000c6000000| PB 0x00000000c6000000| Untracked |  0
|  97|0x00000000c6100000, 0x00000000c61ffff0, 0x00000000c6200000| 99%| O|  |TAMS 0x00000000c6100000| PB 0x00000000c6100000| Untracked |  0
|  98|0x00000000c6200000, 0x00000000c62fff20, 0x00000000c6300000| 99%| O|  |TAMS 0x00000000c6200000| PB 0x00000000c6200000| Untracked |  0
|  99|0x00000000c6300000, 0x00000000c6400000, 0x00000000c6400000|100%|HS|  |TAMS 0x00000000c6300000| PB 0x00000000c6300000| Complete |  0
| 100|0x00000000c6400000, 0x00000000c6500000, 0x00000000c6500000|100%|HC|  |TAMS 0x00000000c6400000| PB 0x00000000c6400000| Complete |  0
| 101|0x00000000c6500000, 0x00000000c6600000, 0x00000000c6600000|100%|HS|  |TAMS 0x00000000c6500000| PB 0x00000000c6500000| Complete |  0
| 102|0x00000000c6600000, 0x00000000c6700000, 0x00000000c6700000|100%|HC|  |TAMS 0x00000000c6600000| PB 0x00000000c6600000| Complete |  0
| 103|0x00000000c6700000, 0x00000000c67ffff8, 0x00000000c6800000| 99%| O|  |TAMS 0x00000000c6700000| PB 0x00000000c6700000| Untracked |  0
| 104|0x00000000c6800000, 0x00000000c68ff2d0, 0x00000000c6900000| 99%| O|  |TAMS 0x00000000c6800000| PB 0x00000000c6800000| Untracked |  0
| 105|0x00000000c6900000, 0x00000000c69ffea0, 0x00000000c6a00000| 99%| O|  |TAMS 0x00000000c6900000| PB 0x00000000c6900000| Untracked |  0
| 106|0x00000000c6a00000, 0x00000000c6afffd8, 0x00000000c6b00000| 99%| O|  |TAMS 0x00000000c6a00000| PB 0x00000000c6a00000| Untracked |  0
| 107|0x00000000c6b00000, 0x00000000c6bfea08, 0x00000000c6c00000| 99%| O|  |TAMS 0x00000000c6b00000| PB 0x00000000c6b00000| Untracked |  0
| 108|0x00000000c6c00000, 0x00000000c6cffff8, 0x00000000c6d00000| 99%| O|  |TAMS 0x00000000c6c00000| PB 0x00000000c6c00000| Untracked |  0
| 109|0x00000000c6d00000, 0x00000000c6dfe098, 0x00000000c6e00000| 99%| O|  |TAMS 0x00000000c6d00000| PB 0x00000000c6d00000| Untracked |  0
| 110|0x00000000c6e00000, 0x00000000c6f00000, 0x00000000c6f00000|100%| O|  |TAMS 0x00000000c6e00000| PB 0x00000000c6e00000| Untracked |  0
| 111|0x00000000c6f00000, 0x00000000c6fffff0, 0x00000000c7000000| 99%| O|  |TAMS 0x00000000c6f00000| PB 0x00000000c6f00000| Untracked |  0
| 112|0x00000000c7000000, 0x00000000c70ffff0, 0x00000000c7100000| 99%| O|  |TAMS 0x00000000c7000000| PB 0x00000000c7000000| Untracked |  0
| 113|0x00000000c7100000, 0x00000000c71fffd8, 0x00000000c7200000| 99%| O|  |TAMS 0x00000000c7100000| PB 0x00000000c7100000| Untracked |  0
| 114|0x00000000c7200000, 0x00000000c72f90a0, 0x00000000c7300000| 97%| O|  |TAMS 0x00000000c7200000| PB 0x00000000c7200000| Untracked |  0
| 115|0x00000000c7300000, 0x00000000c73ffeb0, 0x00000000c7400000| 99%| O|  |TAMS 0x00000000c7300000| PB 0x00000000c7300000| Untracked |  0
| 116|0x00000000c7400000, 0x00000000c7500000, 0x00000000c7500000|100%| O|  |TAMS 0x00000000c7400000| PB 0x00000000c7400000| Untracked |  0
| 117|0x00000000c7500000, 0x00000000c75fffe8, 0x00000000c7600000| 99%| O|  |TAMS 0x00000000c7500000| PB 0x00000000c7500000| Untracked |  0
| 118|0x00000000c7600000, 0x00000000c76ffff0, 0x00000000c7700000| 99%| O|  |TAMS 0x00000000c7600000| PB 0x00000000c7600000| Untracked |  0
| 119|0x00000000c7700000, 0x00000000c77ffff0, 0x00000000c7800000| 99%| O|  |TAMS 0x00000000c7700000| PB 0x00000000c7700000| Untracked |  0
| 120|0x00000000c7800000, 0x00000000c78ffff0, 0x00000000c7900000| 99%| O|  |TAMS 0x00000000c7800000| PB 0x00000000c7800000| Untracked |  0
| 121|0x00000000c7900000, 0x00000000c7a00000, 0x00000000c7a00000|100%| O|  |TAMS 0x00000000c7900000| PB 0x00000000c7900000| Untracked |  0
| 122|0x00000000c7a00000, 0x00000000c7afe920, 0x00000000c7b00000| 99%| O|  |TAMS 0x00000000c7a00000| PB 0x00000000c7a00000| Untracked |  0
| 123|0x00000000c7b00000, 0x00000000c7bffff0, 0x00000000c7c00000| 99%| O|  |TAMS 0x00000000c7b00000| PB 0x00000000c7b00000| Untracked |  0
| 124|0x00000000c7c00000, 0x00000000c7cfe858, 0x00000000c7d00000| 99%| O|  |TAMS 0x00000000c7c00000| PB 0x00000000c7c00000| Untracked |  0
| 125|0x00000000c7d00000, 0x00000000c7dfff98, 0x00000000c7e00000| 99%| O|  |TAMS 0x00000000c7d00000| PB 0x00000000c7d00000| Untracked |  0
| 126|0x00000000c7e00000, 0x00000000c7effff8, 0x00000000c7f00000| 99%| O|  |TAMS 0x00000000c7e00000| PB 0x00000000c7e00000| Untracked |  0
| 127|0x00000000c7f00000, 0x00000000c7ffffb0, 0x00000000c8000000| 99%| O|  |TAMS 0x00000000c7f00000| PB 0x00000000c7f00000| Untracked |  0
| 128|0x00000000c8000000, 0x00000000c8100000, 0x00000000c8100000|100%| O|  |TAMS 0x00000000c8000000| PB 0x00000000c8000000| Untracked |  0
| 129|0x00000000c8100000, 0x00000000c8200000, 0x00000000c8200000|100%| O|  |TAMS 0x00000000c8100000| PB 0x00000000c8100000| Untracked |  0
| 130|0x00000000c8200000, 0x00000000c82ffff8, 0x00000000c8300000| 99%| O|  |TAMS 0x00000000c8200000| PB 0x00000000c8200000| Untracked |  0
| 131|0x00000000c8300000, 0x00000000c83ffff8, 0x00000000c8400000| 99%| O|  |TAMS 0x00000000c8300000| PB 0x00000000c8300000| Untracked |  0
| 132|0x00000000c8400000, 0x00000000c84ffff8, 0x00000000c8500000| 99%| O|  |TAMS 0x00000000c8400000| PB 0x00000000c8400000| Untracked |  0
| 133|0x00000000c8500000, 0x00000000c85ff500, 0x00000000c8600000| 99%| O|  |TAMS 0x00000000c8500000| PB 0x00000000c8500000| Untracked |  0
| 134|0x00000000c8600000, 0x00000000c8700000, 0x00000000c8700000|100%| O|  |TAMS 0x00000000c8600000| PB 0x00000000c8600000| Untracked |  0
| 135|0x00000000c8700000, 0x00000000c87ffff8, 0x00000000c8800000| 99%| O|  |TAMS 0x00000000c8700000| PB 0x00000000c8700000| Untracked |  0
| 136|0x00000000c8800000, 0x00000000c88fffe8, 0x00000000c8900000| 99%| O|  |TAMS 0x00000000c8800000| PB 0x00000000c8800000| Untracked |  0
| 137|0x00000000c8900000, 0x00000000c89ffff0, 0x00000000c8a00000| 99%| O|  |TAMS 0x00000000c8900000| PB 0x00000000c8900000| Untracked |  0
| 138|0x00000000c8a00000, 0x00000000c8affff8, 0x00000000c8b00000| 99%| O|  |TAMS 0x00000000c8a00000| PB 0x00000000c8a00000| Untracked |  0
| 139|0x00000000c8b00000, 0x00000000c8bffff0, 0x00000000c8c00000| 99%| O|  |TAMS 0x00000000c8b00000| PB 0x00000000c8b00000| Untracked |  0
| 140|0x00000000c8c00000, 0x00000000c8d00000, 0x00000000c8d00000|100%| O|  |TAMS 0x00000000c8c00000| PB 0x00000000c8c00000| Untracked |  0
| 141|0x00000000c8d00000, 0x00000000c8dfffd0, 0x00000000c8e00000| 99%| O|  |TAMS 0x00000000c8d00000| PB 0x00000000c8d00000| Untracked |  0
| 142|0x00000000c8e00000, 0x00000000c8effff8, 0x00000000c8f00000| 99%| O|  |TAMS 0x00000000c8e00000| PB 0x00000000c8e00000| Untracked |  0
| 143|0x00000000c8f00000, 0x00000000c8fffff0, 0x00000000c9000000| 99%| O|  |TAMS 0x00000000c8f00000| PB 0x00000000c8f00000| Untracked |  0
| 144|0x00000000c9000000, 0x00000000c90ffff0, 0x00000000c9100000| 99%| O|  |TAMS 0x00000000c9000000| PB 0x00000000c9000000| Untracked |  0
| 145|0x00000000c9100000, 0x00000000c91ffff0, 0x00000000c9200000| 99%| O|  |TAMS 0x00000000c9100000| PB 0x00000000c9100000| Untracked |  0
| 146|0x00000000c9200000, 0x00000000c92ff438, 0x00000000c9300000| 99%| O|  |TAMS 0x00000000c9200000| PB 0x00000000c9200000| Untracked |  0
| 147|0x00000000c9300000, 0x00000000c93ffff0, 0x00000000c9400000| 99%| O|  |TAMS 0x00000000c9300000| PB 0x00000000c9300000| Untracked |  0
| 148|0x00000000c9400000, 0x00000000c94fffc8, 0x00000000c9500000| 99%| O|  |TAMS 0x00000000c9400000| PB 0x00000000c9400000| Untracked |  0
| 149|0x00000000c9500000, 0x00000000c95ffff0, 0x00000000c9600000| 99%| O|  |TAMS 0x00000000c9500000| PB 0x00000000c9500000| Untracked |  0
| 150|0x00000000c9600000, 0x00000000c96ffff8, 0x00000000c9700000| 99%| O|  |TAMS 0x00000000c9600000| PB 0x00000000c9600000| Untracked |  0
| 151|0x00000000c9700000, 0x00000000c97ffff0, 0x00000000c9800000| 99%| O|  |TAMS 0x00000000c9700000| PB 0x00000000c9700000| Untracked |  0
| 152|0x00000000c9800000, 0x00000000c98fffd8, 0x00000000c9900000| 99%| O|  |TAMS 0x00000000c9800000| PB 0x00000000c9800000| Untracked |  0
| 153|0x00000000c9900000, 0x00000000c99ffff0, 0x00000000c9a00000| 99%| O|  |TAMS 0x00000000c9900000| PB 0x00000000c9900000| Untracked |  0
| 154|0x00000000c9a00000, 0x00000000c9afffe8, 0x00000000c9b00000| 99%| O|  |TAMS 0x00000000c9a00000| PB 0x00000000c9a00000| Untracked |  0
| 155|0x00000000c9b00000, 0x00000000c9bfffe8, 0x00000000c9c00000| 99%| O|  |TAMS 0x00000000c9b00000| PB 0x00000000c9b00000| Untracked |  0
| 156|0x00000000c9c00000, 0x00000000c9d00000, 0x00000000c9d00000|100%| O|  |TAMS 0x00000000c9c00000| PB 0x00000000c9c00000| Untracked |  0
| 157|0x00000000c9d00000, 0x00000000c9e00000, 0x00000000c9e00000|100%| O|  |TAMS 0x00000000c9d00000| PB 0x00000000c9d00000| Untracked |  0
| 158|0x00000000c9e00000, 0x00000000c9efffe8, 0x00000000c9f00000| 99%| O|  |TAMS 0x00000000c9e00000| PB 0x00000000c9e00000| Untracked |  0
| 159|0x00000000c9f00000, 0x00000000c9fffff0, 0x00000000ca000000| 99%| O|  |TAMS 0x00000000c9f00000| PB 0x00000000c9f00000| Untracked |  0
| 160|0x00000000ca000000, 0x00000000ca0fffe8, 0x00000000ca100000| 99%| O|  |TAMS 0x00000000ca000000| PB 0x00000000ca000000| Untracked |  0
| 161|0x00000000ca100000, 0x00000000ca200000, 0x00000000ca200000|100%| O|  |TAMS 0x00000000ca100000| PB 0x00000000ca100000| Untracked |  0
| 162|0x00000000ca200000, 0x00000000ca300000, 0x00000000ca300000|100%| O|  |TAMS 0x00000000ca200000| PB 0x00000000ca200000| Untracked |  0
| 163|0x00000000ca300000, 0x00000000ca3ffff8, 0x00000000ca400000| 99%| O|  |TAMS 0x00000000ca300000| PB 0x00000000ca300000| Untracked |  0
| 164|0x00000000ca400000, 0x00000000ca4ffff8, 0x00000000ca500000| 99%| O|  |TAMS 0x00000000ca400000| PB 0x00000000ca400000| Untracked |  0
| 165|0x00000000ca500000, 0x00000000ca5ffff8, 0x00000000ca600000| 99%| O|  |TAMS 0x00000000ca500000| PB 0x00000000ca500000| Untracked |  0
| 166|0x00000000ca600000, 0x00000000ca6fffe8, 0x00000000ca700000| 99%| O|  |TAMS 0x00000000ca600000| PB 0x00000000ca600000| Untracked |  0
| 167|0x00000000ca700000, 0x00000000ca800000, 0x00000000ca800000|100%| O|  |TAMS 0x00000000ca700000| PB 0x00000000ca700000| Untracked |  0
| 168|0x00000000ca800000, 0x00000000ca8fffd0, 0x00000000ca900000| 99%| O|  |TAMS 0x00000000ca800000| PB 0x00000000ca800000| Untracked |  0
| 169|0x00000000ca900000, 0x00000000ca9ffff0, 0x00000000caa00000| 99%| O|  |TAMS 0x00000000ca900000| PB 0x00000000ca900000| Untracked |  0
| 170|0x00000000caa00000, 0x00000000caaffff0, 0x00000000cab00000| 99%| O|  |TAMS 0x00000000caa00000| PB 0x00000000caa00000| Untracked |  0
| 171|0x00000000cab00000, 0x00000000cac00000, 0x00000000cac00000|100%| O|  |TAMS 0x00000000cab00000| PB 0x00000000cab00000| Untracked |  0
| 172|0x00000000cac00000, 0x00000000cacfffe8, 0x00000000cad00000| 99%| O|  |TAMS 0x00000000cac00000| PB 0x00000000cac00000| Untracked |  0
| 173|0x00000000cad00000, 0x00000000cadfffb0, 0x00000000cae00000| 99%| O|  |TAMS 0x00000000cad00000| PB 0x00000000cad00000| Untracked |  0
| 174|0x00000000cae00000, 0x00000000caf00000, 0x00000000caf00000|100%| O|  |TAMS 0x00000000cae00000| PB 0x00000000cae00000| Untracked |  0
| 175|0x00000000caf00000, 0x00000000cafffff0, 0x00000000cb000000| 99%| O|  |TAMS 0x00000000caf00000| PB 0x00000000caf00000| Untracked |  0
| 176|0x00000000cb000000, 0x00000000cb0ffff8, 0x00000000cb100000| 99%| O|  |TAMS 0x00000000cb000000| PB 0x00000000cb000000| Untracked |  0
| 177|0x00000000cb100000, 0x00000000cb200000, 0x00000000cb200000|100%| O|  |TAMS 0x00000000cb100000| PB 0x00000000cb100000| Untracked |  0
| 178|0x00000000cb200000, 0x00000000cb300000, 0x00000000cb300000|100%| O|  |TAMS 0x00000000cb200000| PB 0x00000000cb200000| Untracked |  0
| 179|0x00000000cb300000, 0x00000000cb3ffff8, 0x00000000cb400000| 99%| O|  |TAMS 0x00000000cb300000| PB 0x00000000cb300000| Untracked |  0
| 180|0x00000000cb400000, 0x00000000cb500000, 0x00000000cb500000|100%| O|  |TAMS 0x00000000cb400000| PB 0x00000000cb400000| Untracked |  0
| 181|0x00000000cb500000, 0x00000000cb5ffff0, 0x00000000cb600000| 99%| O|  |TAMS 0x00000000cb500000| PB 0x00000000cb500000| Untracked |  0
| 182|0x00000000cb600000, 0x00000000cb6ffff8, 0x00000000cb700000| 99%| O|  |TAMS 0x00000000cb600000| PB 0x00000000cb600000| Untracked |  0
| 183|0x00000000cb700000, 0x00000000cb7fffe8, 0x00000000cb800000| 99%| O|  |TAMS 0x00000000cb700000| PB 0x00000000cb700000| Untracked |  0
| 184|0x00000000cb800000, 0x00000000cb8ffff0, 0x00000000cb900000| 99%| O|  |TAMS 0x00000000cb800000| PB 0x00000000cb800000| Untracked |  0
| 185|0x00000000cb900000, 0x00000000cb9ffe78, 0x00000000cba00000| 99%| O|  |TAMS 0x00000000cb900000| PB 0x00000000cb900000| Untracked |  0
| 186|0x00000000cba00000, 0x00000000cbaffff0, 0x00000000cbb00000| 99%| O|  |TAMS 0x00000000cba00000| PB 0x00000000cba00000| Untracked |  0
| 187|0x00000000cbb00000, 0x00000000cbbfffe0, 0x00000000cbc00000| 99%| O|  |TAMS 0x00000000cbb00000| PB 0x00000000cbb00000| Untracked |  0
| 188|0x00000000cbc00000, 0x00000000cbcffff8, 0x00000000cbd00000| 99%| O|  |TAMS 0x00000000cbc00000| PB 0x00000000cbc00000| Untracked |  0
| 189|0x00000000cbd00000, 0x00000000cbdffff0, 0x00000000cbe00000| 99%| O|  |TAMS 0x00000000cbd00000| PB 0x00000000cbd00000| Untracked |  0
| 190|0x00000000cbe00000, 0x00000000cbeffff8, 0x00000000cbf00000| 99%| O|  |TAMS 0x00000000cbe00000| PB 0x00000000cbe00000| Untracked |  0
| 191|0x00000000cbf00000, 0x00000000cbfffff0, 0x00000000cc000000| 99%| O|  |TAMS 0x00000000cbf00000| PB 0x00000000cbf00000| Untracked |  0
| 192|0x00000000cc000000, 0x00000000cc0fffe8, 0x00000000cc100000| 99%| O|  |TAMS 0x00000000cc000000| PB 0x00000000cc000000| Untracked |  0
| 193|0x00000000cc100000, 0x00000000cc1fff18, 0x00000000cc200000| 99%| O|  |TAMS 0x00000000cc100000| PB 0x00000000cc100000| Untracked |  0
| 194|0x00000000cc200000, 0x00000000cc300000, 0x00000000cc300000|100%| O|  |TAMS 0x00000000cc200000| PB 0x00000000cc200000| Untracked |  0
| 195|0x00000000cc300000, 0x00000000cc400000, 0x00000000cc400000|100%| O|  |TAMS 0x00000000cc300000| PB 0x00000000cc300000| Untracked |  0
| 196|0x00000000cc400000, 0x00000000cc4fffe0, 0x00000000cc500000| 99%| O|  |TAMS 0x00000000cc400000| PB 0x00000000cc400000| Untracked |  0
| 197|0x00000000cc500000, 0x00000000cc5fffd8, 0x00000000cc600000| 99%| O|  |TAMS 0x00000000cc500000| PB 0x00000000cc500000| Untracked |  0
| 198|0x00000000cc600000, 0x00000000cc700000, 0x00000000cc700000|100%| O|  |TAMS 0x00000000cc600000| PB 0x00000000cc600000| Untracked |  0
| 199|0x00000000cc700000, 0x00000000cc7ffff8, 0x00000000cc800000| 99%| O|  |TAMS 0x00000000cc700000| PB 0x00000000cc700000| Untracked |  0
| 200|0x00000000cc800000, 0x00000000cc8fffe0, 0x00000000cc900000| 99%| O|  |TAMS 0x00000000cc800000| PB 0x00000000cc800000| Untracked |  0
| 201|0x00000000cc900000, 0x00000000cca00000, 0x00000000cca00000|100%| O|  |TAMS 0x00000000cc900000| PB 0x00000000cc900000| Untracked |  0
| 202|0x00000000cca00000, 0x00000000ccb00000, 0x00000000ccb00000|100%| O|  |TAMS 0x00000000cca00000| PB 0x00000000cca00000| Untracked |  0
| 203|0x00000000ccb00000, 0x00000000ccbfa1d8, 0x00000000ccc00000| 97%| O|  |TAMS 0x00000000ccb00000| PB 0x00000000ccb00000| Untracked |  0
| 204|0x00000000ccc00000, 0x00000000ccd00000, 0x00000000ccd00000|100%| O|  |TAMS 0x00000000ccc00000| PB 0x00000000ccc00000| Untracked |  0
| 205|0x00000000ccd00000, 0x00000000cce00000, 0x00000000cce00000|100%| O|  |TAMS 0x00000000ccd00000| PB 0x00000000ccd00000| Untracked |  0
| 206|0x00000000cce00000, 0x00000000cceffff0, 0x00000000ccf00000| 99%| O|  |TAMS 0x00000000cce00000| PB 0x00000000cce00000| Untracked |  0
| 207|0x00000000ccf00000, 0x00000000ccffa9c8, 0x00000000cd000000| 97%| O|  |TAMS 0x00000000ccf00000| PB 0x00000000ccf00000| Untracked |  0
| 208|0x00000000cd000000, 0x00000000cd100000, 0x00000000cd100000|100%| O|  |TAMS 0x00000000cd000000| PB 0x00000000cd000000| Untracked |  0
| 209|0x00000000cd100000, 0x00000000cd1fffe8, 0x00000000cd200000| 99%| O|  |TAMS 0x00000000cd100000| PB 0x00000000cd100000| Untracked |  0
| 210|0x00000000cd200000, 0x00000000cd2ffff8, 0x00000000cd300000| 99%| O|  |TAMS 0x00000000cd200000| PB 0x00000000cd200000| Untracked |  0
| 211|0x00000000cd300000, 0x00000000cd3fffe8, 0x00000000cd400000| 99%| O|  |TAMS 0x00000000cd300000| PB 0x00000000cd300000| Untracked |  0
| 212|0x00000000cd400000, 0x00000000cd4fe568, 0x00000000cd500000| 99%| O|  |TAMS 0x00000000cd400000| PB 0x00000000cd400000| Untracked |  0
| 213|0x00000000cd500000, 0x00000000cd5fffe8, 0x00000000cd600000| 99%| O|  |TAMS 0x00000000cd500000| PB 0x00000000cd500000| Untracked |  0
| 214|0x00000000cd600000, 0x00000000cd6ffff0, 0x00000000cd700000| 99%| O|  |TAMS 0x00000000cd600000| PB 0x00000000cd600000| Untracked |  0
| 215|0x00000000cd700000, 0x00000000cd7ffff0, 0x00000000cd800000| 99%| O|  |TAMS 0x00000000cd700000| PB 0x00000000cd700000| Untracked |  0
| 216|0x00000000cd800000, 0x00000000cd900000, 0x00000000cd900000|100%| O|  |TAMS 0x00000000cd800000| PB 0x00000000cd800000| Untracked |  0
| 217|0x00000000cd900000, 0x00000000cd9fffd0, 0x00000000cda00000| 99%| O|  |TAMS 0x00000000cd900000| PB 0x00000000cd900000| Untracked |  0
| 218|0x00000000cda00000, 0x00000000cdaffff8, 0x00000000cdb00000| 99%| O|  |TAMS 0x00000000cda00000| PB 0x00000000cda00000| Untracked |  0
| 219|0x00000000cdb00000, 0x00000000cdbffff0, 0x00000000cdc00000| 99%| O|  |TAMS 0x00000000cdb00000| PB 0x00000000cdb00000| Untracked |  0
| 220|0x00000000cdc00000, 0x00000000cdcfffe8, 0x00000000cdd00000| 99%| O|  |TAMS 0x00000000cdc00000| PB 0x00000000cdc00000| Untracked |  0
| 221|0x00000000cdd00000, 0x00000000cde00000, 0x00000000cde00000|100%| O|  |TAMS 0x00000000cdd00000| PB 0x00000000cdd00000| Untracked |  0
| 222|0x00000000cde00000, 0x00000000cdf00000, 0x00000000cdf00000|100%| O|  |TAMS 0x00000000cde00000| PB 0x00000000cde00000| Untracked |  0
| 223|0x00000000cdf00000, 0x00000000ce000000, 0x00000000ce000000|100%| O|  |TAMS 0x00000000cdf00000| PB 0x00000000cdf00000| Untracked |  0
| 224|0x00000000ce000000, 0x00000000ce100000, 0x00000000ce100000|100%| O|  |TAMS 0x00000000ce000000| PB 0x00000000ce000000| Untracked |  0
| 225|0x00000000ce100000, 0x00000000ce1fffe8, 0x00000000ce200000| 99%| O|  |TAMS 0x00000000ce100000| PB 0x00000000ce100000| Untracked |  0
| 226|0x00000000ce200000, 0x00000000ce2fff40, 0x00000000ce300000| 99%| O|  |TAMS 0x00000000ce200000| PB 0x00000000ce200000| Untracked |  0
| 227|0x00000000ce300000, 0x00000000ce3ffff8, 0x00000000ce400000| 99%| O|  |TAMS 0x00000000ce300000| PB 0x00000000ce300000| Untracked |  0
| 228|0x00000000ce400000, 0x00000000ce500000, 0x00000000ce500000|100%| O|  |TAMS 0x00000000ce400000| PB 0x00000000ce400000| Untracked |  0
| 229|0x00000000ce500000, 0x00000000ce5fffe8, 0x00000000ce600000| 99%| O|  |TAMS 0x00000000ce500000| PB 0x00000000ce500000| Untracked |  0
| 230|0x00000000ce600000, 0x00000000ce6fffe0, 0x00000000ce700000| 99%| O|  |TAMS 0x00000000ce600000| PB 0x00000000ce600000| Untracked |  0
| 231|0x00000000ce700000, 0x00000000ce7ffff8, 0x00000000ce800000| 99%| O|  |TAMS 0x00000000ce700000| PB 0x00000000ce700000| Untracked |  0
| 232|0x00000000ce800000, 0x00000000ce8ffff0, 0x00000000ce900000| 99%| O|  |TAMS 0x00000000ce800000| PB 0x00000000ce800000| Untracked |  0
| 233|0x00000000ce900000, 0x00000000ce9ffd00, 0x00000000cea00000| 99%| O|  |TAMS 0x00000000ce900000| PB 0x00000000ce900000| Untracked |  0
| 234|0x00000000cea00000, 0x00000000ceaffff8, 0x00000000ceb00000| 99%| O|  |TAMS 0x00000000cea00000| PB 0x00000000cea00000| Untracked |  0
| 235|0x00000000ceb00000, 0x00000000cec00000, 0x00000000cec00000|100%| O|  |TAMS 0x00000000ceb00000| PB 0x00000000ceb00000| Untracked |  0
| 236|0x00000000cec00000, 0x00000000cecfd620, 0x00000000ced00000| 98%| O|  |TAMS 0x00000000cec00000| PB 0x00000000cec00000| Untracked |  0
| 237|0x00000000ced00000, 0x00000000cedffff8, 0x00000000cee00000| 99%| O|  |TAMS 0x00000000ced00000| PB 0x00000000ced00000| Untracked |  0
| 238|0x00000000cee00000, 0x00000000ceeffff0, 0x00000000cef00000| 99%| O|  |TAMS 0x00000000cee00000| PB 0x00000000cee00000| Untracked |  0
| 239|0x00000000cef00000, 0x00000000ceffffe0, 0x00000000cf000000| 99%| O|  |TAMS 0x00000000cef00000| PB 0x00000000cef00000| Untracked |  0
| 240|0x00000000cf000000, 0x00000000cf0ff7e8, 0x00000000cf100000| 99%| O|  |TAMS 0x00000000cf000000| PB 0x00000000cf000000| Untracked |  0
| 241|0x00000000cf100000, 0x00000000cf1fffe8, 0x00000000cf200000| 99%| O|  |TAMS 0x00000000cf100000| PB 0x00000000cf100000| Untracked |  0
| 242|0x00000000cf200000, 0x00000000cf300000, 0x00000000cf300000|100%| O|  |TAMS 0x00000000cf200000| PB 0x00000000cf200000| Untracked |  0
| 243|0x00000000cf300000, 0x00000000cf3fffe0, 0x00000000cf400000| 99%| O|  |TAMS 0x00000000cf300000| PB 0x00000000cf300000| Untracked |  0
| 244|0x00000000cf400000, 0x00000000cf500000, 0x00000000cf500000|100%| O|  |TAMS 0x00000000cf400000| PB 0x00000000cf400000| Untracked |  0
| 245|0x00000000cf500000, 0x00000000cf5ffff8, 0x00000000cf600000| 99%| O|  |TAMS 0x00000000cf500000| PB 0x00000000cf500000| Untracked |  0
| 246|0x00000000cf600000, 0x00000000cf700000, 0x00000000cf700000|100%|HS|  |TAMS 0x00000000cf600000| PB 0x00000000cf600000| Complete |  0
| 247|0x00000000cf700000, 0x00000000cf800000, 0x00000000cf800000|100%|HC|  |TAMS 0x00000000cf700000| PB 0x00000000cf700000| Complete |  0
| 248|0x00000000cf800000, 0x00000000cf8fffe0, 0x00000000cf900000| 99%| O|  |TAMS 0x00000000cf800000| PB 0x00000000cf800000| Untracked |  0
| 249|0x00000000cf900000, 0x00000000cf9ffff8, 0x00000000cfa00000| 99%| O|  |TAMS 0x00000000cf900000| PB 0x00000000cf900000| Untracked |  0
| 250|0x00000000cfa00000, 0x00000000cfaffff0, 0x00000000cfb00000| 99%| O|  |TAMS 0x00000000cfa00000| PB 0x00000000cfa00000| Untracked |  0
| 251|0x00000000cfb00000, 0x00000000cfbffff0, 0x00000000cfc00000| 99%| O|  |TAMS 0x00000000cfb00000| PB 0x00000000cfb00000| Untracked |  0
| 252|0x00000000cfc00000, 0x00000000cfd00000, 0x00000000cfd00000|100%| O|  |TAMS 0x00000000cfc00000| PB 0x00000000cfc00000| Untracked |  0
| 253|0x00000000cfd00000, 0x00000000cfdffff0, 0x00000000cfe00000| 99%| O|  |TAMS 0x00000000cfd00000| PB 0x00000000cfd00000| Untracked |  0
| 254|0x00000000cfe00000, 0x00000000cfeffff0, 0x00000000cff00000| 99%| O|  |TAMS 0x00000000cfe00000| PB 0x00000000cfe00000| Untracked |  0
| 255|0x00000000cff00000, 0x00000000cffffff8, 0x00000000d0000000| 99%| O|  |TAMS 0x00000000cff00000| PB 0x00000000cff00000| Untracked |  0
| 256|0x00000000d0000000, 0x00000000d00ffff0, 0x00000000d0100000| 99%| O|  |TAMS 0x00000000d0000000| PB 0x00000000d0000000| Untracked |  0
| 257|0x00000000d0100000, 0x00000000d01ffff0, 0x00000000d0200000| 99%| O|  |TAMS 0x00000000d0100000| PB 0x00000000d0100000| Untracked |  0
| 258|0x00000000d0200000, 0x00000000d02feae0, 0x00000000d0300000| 99%| O|  |TAMS 0x00000000d0200000| PB 0x00000000d0200000| Untracked |  0
| 259|0x00000000d0300000, 0x00000000d0400000, 0x00000000d0400000|100%| O|  |TAMS 0x00000000d0300000| PB 0x00000000d0300000| Untracked |  0
| 260|0x00000000d0400000, 0x00000000d04fffe8, 0x00000000d0500000| 99%| O|  |TAMS 0x00000000d0400000| PB 0x00000000d0400000| Untracked |  0
| 261|0x00000000d0500000, 0x00000000d0600000, 0x00000000d0600000|100%| O|  |TAMS 0x00000000d0500000| PB 0x00000000d0500000| Untracked |  0
| 262|0x00000000d0600000, 0x00000000d0700000, 0x00000000d0700000|100%| O|  |TAMS 0x00000000d0600000| PB 0x00000000d0600000| Untracked |  0
| 263|0x00000000d0700000, 0x00000000d0800000, 0x00000000d0800000|100%| O|  |TAMS 0x00000000d0700000| PB 0x00000000d0700000| Untracked |  0
| 264|0x00000000d0800000, 0x00000000d08ffb20, 0x00000000d0900000| 99%| O|  |TAMS 0x00000000d0800000| PB 0x00000000d0800000| Untracked |  0
| 265|0x00000000d0900000, 0x00000000d0a00000, 0x00000000d0a00000|100%| O|  |TAMS 0x00000000d0900000| PB 0x00000000d0900000| Untracked |  0
| 266|0x00000000d0a00000, 0x00000000d0affff8, 0x00000000d0b00000| 99%| O|  |TAMS 0x00000000d0a00000| PB 0x00000000d0a00000| Untracked |  0
| 267|0x00000000d0b00000, 0x00000000d0bffa18, 0x00000000d0c00000| 99%| O|  |TAMS 0x00000000d0b00000| PB 0x00000000d0b00000| Untracked |  0
| 268|0x00000000d0c00000, 0x00000000d0cfffc0, 0x00000000d0d00000| 99%| O|  |TAMS 0x00000000d0c00000| PB 0x00000000d0c00000| Untracked |  0
| 269|0x00000000d0d00000, 0x00000000d0dffff8, 0x00000000d0e00000| 99%| O|  |TAMS 0x00000000d0d00000| PB 0x00000000d0d00000| Untracked |  0
| 270|0x00000000d0e00000, 0x00000000d0efd438, 0x00000000d0f00000| 98%| O|  |TAMS 0x00000000d0e00000| PB 0x00000000d0e00000| Untracked |  0
| 271|0x00000000d0f00000, 0x00000000d0fffff0, 0x00000000d1000000| 99%| O|  |TAMS 0x00000000d0f00000| PB 0x00000000d0f00000| Untracked |  0
| 272|0x00000000d1000000, 0x00000000d10fffd0, 0x00000000d1100000| 99%| O|  |TAMS 0x00000000d1000000| PB 0x00000000d1000000| Untracked |  0
| 273|0x00000000d1100000, 0x00000000d1200000, 0x00000000d1200000|100%| O|  |TAMS 0x00000000d1100000| PB 0x00000000d1100000| Untracked |  0
| 274|0x00000000d1200000, 0x00000000d1300000, 0x00000000d1300000|100%| O|  |TAMS 0x00000000d1200000| PB 0x00000000d1200000| Untracked |  0
| 275|0x00000000d1300000, 0x00000000d13fffe8, 0x00000000d1400000| 99%| O|  |TAMS 0x00000000d1300000| PB 0x00000000d1300000| Untracked |  0
| 276|0x00000000d1400000, 0x00000000d14fffd0, 0x00000000d1500000| 99%| O|  |TAMS 0x00000000d1400000| PB 0x00000000d1400000| Untracked |  0
| 277|0x00000000d1500000, 0x00000000d15ffff8, 0x00000000d1600000| 99%| O|  |TAMS 0x00000000d1500000| PB 0x00000000d1500000| Untracked |  0
| 278|0x00000000d1600000, 0x00000000d16fffa0, 0x00000000d1700000| 99%| O|  |TAMS 0x00000000d1600000| PB 0x00000000d1600000| Untracked |  0
| 279|0x00000000d1700000, 0x00000000d1800000, 0x00000000d1800000|100%|HS|  |TAMS 0x00000000d1700000| PB 0x00000000d1700000| Complete |  0
| 280|0x00000000d1800000, 0x00000000d1900000, 0x00000000d1900000|100%| O|  |TAMS 0x00000000d1800000| PB 0x00000000d1800000| Untracked |  0
| 281|0x00000000d1900000, 0x00000000d19fffe8, 0x00000000d1a00000| 99%| O|  |TAMS 0x00000000d1900000| PB 0x00000000d1900000| Untracked |  0
| 282|0x00000000d1a00000, 0x00000000d1affff8, 0x00000000d1b00000| 99%| O|  |TAMS 0x00000000d1a00000| PB 0x00000000d1a00000| Untracked |  0
| 283|0x00000000d1b00000, 0x00000000d1bffff8, 0x00000000d1c00000| 99%| O|  |TAMS 0x00000000d1b00000| PB 0x00000000d1b00000| Untracked |  0
| 284|0x00000000d1c00000, 0x00000000d1cffff0, 0x00000000d1d00000| 99%| O|  |TAMS 0x00000000d1c00000| PB 0x00000000d1c00000| Untracked |  0
| 285|0x00000000d1d00000, 0x00000000d1e00000, 0x00000000d1e00000|100%| O|  |TAMS 0x00000000d1d00000| PB 0x00000000d1d00000| Untracked |  0
| 286|0x00000000d1e00000, 0x00000000d1efffe8, 0x00000000d1f00000| 99%| O|  |TAMS 0x00000000d1e00000| PB 0x00000000d1e00000| Untracked |  0
| 287|0x00000000d1f00000, 0x00000000d1fffff0, 0x00000000d2000000| 99%| O|  |TAMS 0x00000000d1f00000| PB 0x00000000d1f00000| Untracked |  0
| 288|0x00000000d2000000, 0x00000000d20f8e90, 0x00000000d2100000| 97%| O|  |TAMS 0x00000000d2000000| PB 0x00000000d2000000| Untracked |  0
| 289|0x00000000d2100000, 0x00000000d21fffc8, 0x00000000d2200000| 99%| O|  |TAMS 0x00000000d2100000| PB 0x00000000d2100000| Untracked |  0
| 290|0x00000000d2200000, 0x00000000d2300000, 0x00000000d2300000|100%|HS|  |TAMS 0x00000000d2200000| PB 0x00000000d2200000| Complete |  0
| 291|0x00000000d2300000, 0x00000000d23fe0d0, 0x00000000d2400000| 99%| O|  |TAMS 0x00000000d2300000| PB 0x00000000d2300000| Untracked |  0
| 292|0x00000000d2400000, 0x00000000d24ffff8, 0x00000000d2500000| 99%| O|  |TAMS 0x00000000d2400000| PB 0x00000000d2400000| Untracked |  0
| 293|0x00000000d2500000, 0x00000000d25fffe8, 0x00000000d2600000| 99%| O|  |TAMS 0x00000000d2500000| PB 0x00000000d2500000| Untracked |  0
| 294|0x00000000d2600000, 0x00000000d26ffff8, 0x00000000d2700000| 99%| O|  |TAMS 0x00000000d2600000| PB 0x00000000d2600000| Untracked |  0
| 295|0x00000000d2700000, 0x00000000d27ffff0, 0x00000000d2800000| 99%| O|  |TAMS 0x00000000d2700000| PB 0x00000000d2700000| Untracked |  0
| 296|0x00000000d2800000, 0x00000000d28ffff8, 0x00000000d2900000| 99%| O|  |TAMS 0x00000000d2800000| PB 0x00000000d2800000| Untracked |  0
| 297|0x00000000d2900000, 0x00000000d29ffff0, 0x00000000d2a00000| 99%| O|  |TAMS 0x00000000d2900000| PB 0x00000000d2900000| Untracked |  0
| 298|0x00000000d2a00000, 0x00000000d2affff8, 0x00000000d2b00000| 99%| O|  |TAMS 0x00000000d2a00000| PB 0x00000000d2a00000| Untracked |  0
| 299|0x00000000d2b00000, 0x00000000d2bffff0, 0x00000000d2c00000| 99%| O|  |TAMS 0x00000000d2b00000| PB 0x00000000d2b00000| Untracked |  0
| 300|0x00000000d2c00000, 0x00000000d2cffff0, 0x00000000d2d00000| 99%| O|  |TAMS 0x00000000d2c00000| PB 0x00000000d2c00000| Untracked |  0
| 301|0x00000000d2d00000, 0x00000000d2dffff8, 0x00000000d2e00000| 99%| O|  |TAMS 0x00000000d2d00000| PB 0x00000000d2d00000| Untracked |  0
| 302|0x00000000d2e00000, 0x00000000d2effff8, 0x00000000d2f00000| 99%| O|  |TAMS 0x00000000d2e00000| PB 0x00000000d2e00000| Untracked |  0
| 303|0x00000000d2f00000, 0x00000000d2fffff0, 0x00000000d3000000| 99%| O|  |TAMS 0x00000000d2f00000| PB 0x00000000d2f00000| Untracked |  0
| 304|0x00000000d3000000, 0x00000000d3100000, 0x00000000d3100000|100%| O|  |TAMS 0x00000000d3000000| PB 0x00000000d3000000| Untracked |  0
| 305|0x00000000d3100000, 0x00000000d31fef58, 0x00000000d3200000| 99%| O|  |TAMS 0x00000000d3100000| PB 0x00000000d3100000| Untracked |  0
| 306|0x00000000d3200000, 0x00000000d32ffff0, 0x00000000d3300000| 99%| O|  |TAMS 0x00000000d3200000| PB 0x00000000d3200000| Untracked |  0
| 307|0x00000000d3300000, 0x00000000d3400000, 0x00000000d3400000|100%| O|  |TAMS 0x00000000d3300000| PB 0x00000000d3300000| Untracked |  0
| 308|0x00000000d3400000, 0x00000000d3500000, 0x00000000d3500000|100%|HS|  |TAMS 0x00000000d3400000| PB 0x00000000d3400000| Complete |  0
| 309|0x00000000d3500000, 0x00000000d3600000, 0x00000000d3600000|100%|HC|  |TAMS 0x00000000d3500000| PB 0x00000000d3500000| Complete |  0
| 310|0x00000000d3600000, 0x00000000d3700000, 0x00000000d3700000|100%|HC|  |TAMS 0x00000000d3600000| PB 0x00000000d3600000| Complete |  0
| 311|0x00000000d3700000, 0x00000000d3800000, 0x00000000d3800000|100%|HC|  |TAMS 0x00000000d3700000| PB 0x00000000d3700000| Complete |  0
| 312|0x00000000d3800000, 0x00000000d3900000, 0x00000000d3900000|100%|HC|  |TAMS 0x00000000d3800000| PB 0x00000000d3800000| Complete |  0
| 313|0x00000000d3900000, 0x00000000d3a00000, 0x00000000d3a00000|100%|HC|  |TAMS 0x00000000d3900000| PB 0x00000000d3900000| Complete |  0
| 314|0x00000000d3a00000, 0x00000000d3afffe0, 0x00000000d3b00000| 99%| O|  |TAMS 0x00000000d3a00000| PB 0x00000000d3a00000| Untracked |  0
| 315|0x00000000d3b00000, 0x00000000d3bfffe8, 0x00000000d3c00000| 99%| O|  |TAMS 0x00000000d3b00000| PB 0x00000000d3b00000| Untracked |  0
| 316|0x00000000d3c00000, 0x00000000d3d00000, 0x00000000d3d00000|100%| O|  |TAMS 0x00000000d3c00000| PB 0x00000000d3c00000| Untracked |  0
| 317|0x00000000d3d00000, 0x00000000d3dfffe0, 0x00000000d3e00000| 99%| O|  |TAMS 0x00000000d3d00000| PB 0x00000000d3d00000| Untracked |  0
| 318|0x00000000d3e00000, 0x00000000d3f00000, 0x00000000d3f00000|100%| O|  |TAMS 0x00000000d3e00000| PB 0x00000000d3e00000| Untracked |  0
| 319|0x00000000d3f00000, 0x00000000d3fffff0, 0x00000000d4000000| 99%| O|  |TAMS 0x00000000d3f00000| PB 0x00000000d3f00000| Untracked |  0
| 320|0x00000000d4000000, 0x00000000d40fff88, 0x00000000d4100000| 99%| O|  |TAMS 0x00000000d4000000| PB 0x00000000d4000000| Untracked |  0
| 321|0x00000000d4100000, 0x00000000d4200000, 0x00000000d4200000|100%|HS|  |TAMS 0x00000000d4100000| PB 0x00000000d4100000| Untracked |  0
| 322|0x00000000d4200000, 0x00000000d42fffd0, 0x00000000d4300000| 99%| O|  |TAMS 0x00000000d4200000| PB 0x00000000d4200000| Untracked |  0
| 323|0x00000000d4300000, 0x00000000d4400000, 0x00000000d4400000|100%|HS|  |TAMS 0x00000000d4300000| PB 0x00000000d4300000| Untracked |  0
| 324|0x00000000d4400000, 0x00000000d44fcf80, 0x00000000d4500000| 98%| O|  |TAMS 0x00000000d4400000| PB 0x00000000d4400000| Untracked |  0
| 325|0x00000000d4500000, 0x00000000d45ffff0, 0x00000000d4600000| 99%| O|  |TAMS 0x00000000d4500000| PB 0x00000000d4500000| Untracked |  0
| 326|0x00000000d4600000, 0x00000000d46ffff0, 0x00000000d4700000| 99%| O|  |TAMS 0x00000000d4600000| PB 0x00000000d4600000| Untracked |  0
| 327|0x00000000d4700000, 0x00000000d47ffff0, 0x00000000d4800000| 99%| O|  |TAMS 0x00000000d4700000| PB 0x00000000d4700000| Untracked |  0
| 328|0x00000000d4800000, 0x00000000d48ffff0, 0x00000000d4900000| 99%| O|  |TAMS 0x00000000d4800000| PB 0x00000000d4800000| Untracked |  0
| 329|0x00000000d4900000, 0x00000000d4a00000, 0x00000000d4a00000|100%| O|  |TAMS 0x00000000d4900000| PB 0x00000000d4900000| Untracked |  0
| 330|0x00000000d4a00000, 0x00000000d4b00000, 0x00000000d4b00000|100%| O|  |TAMS 0x00000000d4a00000| PB 0x00000000d4a00000| Untracked |  0
| 331|0x00000000d4b00000, 0x00000000d4bff128, 0x00000000d4c00000| 99%| O|  |TAMS 0x00000000d4b00000| PB 0x00000000d4b00000| Untracked |  0
| 332|0x00000000d4c00000, 0x00000000d4cffff0, 0x00000000d4d00000| 99%| O|  |TAMS 0x00000000d4c00000| PB 0x00000000d4c00000| Untracked |  0
| 333|0x00000000d4d00000, 0x00000000d4e00000, 0x00000000d4e00000|100%| O|  |TAMS 0x00000000d4d00000| PB 0x00000000d4d00000| Untracked |  0
| 334|0x00000000d4e00000, 0x00000000d4efff78, 0x00000000d4f00000| 99%| O|  |TAMS 0x00000000d4e00000| PB 0x00000000d4e00000| Untracked |  0
| 335|0x00000000d4f00000, 0x00000000d4fffff0, 0x00000000d5000000| 99%| O|  |TAMS 0x00000000d4f00000| PB 0x00000000d4f00000| Untracked |  0
| 336|0x00000000d5000000, 0x00000000d50ffff0, 0x00000000d5100000| 99%| O|  |TAMS 0x00000000d5000000| PB 0x00000000d5000000| Untracked |  0
| 337|0x00000000d5100000, 0x00000000d5200000, 0x00000000d5200000|100%| O|  |TAMS 0x00000000d5100000| PB 0x00000000d5100000| Untracked |  0
| 338|0x00000000d5200000, 0x00000000d52ffff8, 0x00000000d5300000| 99%| O|  |TAMS 0x00000000d5200000| PB 0x00000000d5200000| Untracked |  0
| 339|0x00000000d5300000, 0x00000000d53fffb8, 0x00000000d5400000| 99%| O|  |TAMS 0x00000000d5300000| PB 0x00000000d5300000| Untracked |  0
| 340|0x00000000d5400000, 0x00000000d54fffd8, 0x00000000d5500000| 99%| O|  |TAMS 0x00000000d5400000| PB 0x00000000d5400000| Untracked |  0
| 341|0x00000000d5500000, 0x00000000d5600000, 0x00000000d5600000|100%|HS|  |TAMS 0x00000000d5500000| PB 0x00000000d5500000| Complete |  0
| 342|0x00000000d5600000, 0x00000000d5700000, 0x00000000d5700000|100%|HS|  |TAMS 0x00000000d5600000| PB 0x00000000d5600000| Complete |  1
| 343|0x00000000d5700000, 0x00000000d5800000, 0x00000000d5800000|100%|HC|  |TAMS 0x00000000d5700000| PB 0x00000000d5700000| Complete |  0
| 344|0x00000000d5800000, 0x00000000d5900000, 0x00000000d5900000|100%|HC|  |TAMS 0x00000000d5800000| PB 0x00000000d5800000| Complete |  0
| 345|0x00000000d5900000, 0x00000000d5a00000, 0x00000000d5a00000|100%|HC|  |TAMS 0x00000000d5900000| PB 0x00000000d5900000| Complete |  0
| 346|0x00000000d5a00000, 0x00000000d5b00000, 0x00000000d5b00000|100%|HC|  |TAMS 0x00000000d5a00000| PB 0x00000000d5a00000| Complete |  0
| 347|0x00000000d5b00000, 0x00000000d5c00000, 0x00000000d5c00000|100%|HC|  |TAMS 0x00000000d5b00000| PB 0x00000000d5b00000| Complete |  0
| 348|0x00000000d5c00000, 0x00000000d5d00000, 0x00000000d5d00000|100%|HC|  |TAMS 0x00000000d5c00000| PB 0x00000000d5c00000| Complete |  0
| 349|0x00000000d5d00000, 0x00000000d5e00000, 0x00000000d5e00000|100%|HC|  |TAMS 0x00000000d5d00000| PB 0x00000000d5d00000| Complete |  0
| 350|0x00000000d5e00000, 0x00000000d5f00000, 0x00000000d5f00000|100%| O|  |TAMS 0x00000000d5e00000| PB 0x00000000d5e00000| Untracked |  0
| 351|0x00000000d5f00000, 0x00000000d6000000, 0x00000000d6000000|100%| O|  |TAMS 0x00000000d5f00000| PB 0x00000000d5f00000| Untracked |  0
| 352|0x00000000d6000000, 0x00000000d6100000, 0x00000000d6100000|100%| O|  |TAMS 0x00000000d6000000| PB 0x00000000d6000000| Untracked |  0
| 353|0x00000000d6100000, 0x00000000d6200000, 0x00000000d6200000|100%| O|  |TAMS 0x00000000d6100000| PB 0x00000000d6100000| Untracked |  0
| 354|0x00000000d6200000, 0x00000000d62fffc0, 0x00000000d6300000| 99%| O|  |TAMS 0x00000000d6200000| PB 0x00000000d6200000| Untracked |  0
| 355|0x00000000d6300000, 0x00000000d6400000, 0x00000000d6400000|100%| O|  |TAMS 0x00000000d6300000| PB 0x00000000d6300000| Untracked |  0
| 356|0x00000000d6400000, 0x00000000d64fffe8, 0x00000000d6500000| 99%| O|  |TAMS 0x00000000d6400000| PB 0x00000000d6400000| Untracked |  0
| 357|0x00000000d6500000, 0x00000000d65fffc8, 0x00000000d6600000| 99%| O|  |TAMS 0x00000000d6500000| PB 0x00000000d6500000| Untracked |  0
| 358|0x00000000d6600000, 0x00000000d66ffff0, 0x00000000d6700000| 99%| O|  |TAMS 0x00000000d6600000| PB 0x00000000d6600000| Untracked |  0
| 359|0x00000000d6700000, 0x00000000d67fffb8, 0x00000000d6800000| 99%| O|  |TAMS 0x00000000d6700000| PB 0x00000000d6700000| Untracked |  0
| 360|0x00000000d6800000, 0x00000000d68fffe0, 0x00000000d6900000| 99%| O|  |TAMS 0x00000000d6800000| PB 0x00000000d6800000| Untracked |  0
| 361|0x00000000d6900000, 0x00000000d69fffa8, 0x00000000d6a00000| 99%| O|  |TAMS 0x00000000d6900000| PB 0x00000000d6900000| Untracked |  0
| 362|0x00000000d6a00000, 0x00000000d6afffb8, 0x00000000d6b00000| 99%| O|  |TAMS 0x00000000d6a00000| PB 0x00000000d6a00000| Untracked |  0
| 363|0x00000000d6b00000, 0x00000000d6bffb68, 0x00000000d6c00000| 99%| O|  |TAMS 0x00000000d6b00000| PB 0x00000000d6b00000| Untracked |  0
| 364|0x00000000d6c00000, 0x00000000d6cffff0, 0x00000000d6d00000| 99%| O|  |TAMS 0x00000000d6c00000| PB 0x00000000d6c00000| Untracked |  0
| 365|0x00000000d6d00000, 0x00000000d6dffff8, 0x00000000d6e00000| 99%| O|  |TAMS 0x00000000d6d00000| PB 0x00000000d6d00000| Untracked |  0
| 366|0x00000000d6e00000, 0x00000000d6effff8, 0x00000000d6f00000| 99%| O|  |TAMS 0x00000000d6e00000| PB 0x00000000d6e00000| Untracked |  0
| 367|0x00000000d6f00000, 0x00000000d6fffff0, 0x00000000d7000000| 99%| O|  |TAMS 0x00000000d6f00000| PB 0x00000000d6f00000| Untracked |  0
| 368|0x00000000d7000000, 0x00000000d70fffe0, 0x00000000d7100000| 99%| O|  |TAMS 0x00000000d7000000| PB 0x00000000d7000000| Untracked |  0
| 369|0x00000000d7100000, 0x00000000d71fffc0, 0x00000000d7200000| 99%| O|  |TAMS 0x00000000d7100000| PB 0x00000000d7100000| Untracked |  0
| 370|0x00000000d7200000, 0x00000000d7300000, 0x00000000d7300000|100%|HS|  |TAMS 0x00000000d7200000| PB 0x00000000d7200000| Complete |  0
| 371|0x00000000d7300000, 0x00000000d7400000, 0x00000000d7400000|100%|HC|  |TAMS 0x00000000d7300000| PB 0x00000000d7300000| Complete |  0
| 372|0x00000000d7400000, 0x00000000d74ffff8, 0x00000000d7500000| 99%| O|  |TAMS 0x00000000d7400000| PB 0x00000000d7400000| Untracked |  0
| 373|0x00000000d7500000, 0x00000000d75ffde0, 0x00000000d7600000| 99%| O|  |TAMS 0x00000000d7500000| PB 0x00000000d7500000| Untracked |  0
| 374|0x00000000d7600000, 0x00000000d76fff88, 0x00000000d7700000| 99%| O|  |TAMS 0x00000000d7600000| PB 0x00000000d7600000| Untracked |  0
| 375|0x00000000d7700000, 0x00000000d77fffc8, 0x00000000d7800000| 99%| O|  |TAMS 0x00000000d7700000| PB 0x00000000d7700000| Untracked |  0
| 376|0x00000000d7800000, 0x00000000d78fffb0, 0x00000000d7900000| 99%| O|  |TAMS 0x00000000d7800000| PB 0x00000000d7800000| Untracked |  0
| 377|0x00000000d7900000, 0x00000000d79fffc0, 0x00000000d7a00000| 99%| O|  |TAMS 0x00000000d7900000| PB 0x00000000d7900000| Untracked |  0
| 378|0x00000000d7a00000, 0x00000000d7affff8, 0x00000000d7b00000| 99%| O|  |TAMS 0x00000000d7a00000| PB 0x00000000d7a00000| Untracked |  0
| 379|0x00000000d7b00000, 0x00000000d7bffff8, 0x00000000d7c00000| 99%| O|  |TAMS 0x00000000d7b00000| PB 0x00000000d7b00000| Untracked |  0
| 380|0x00000000d7c00000, 0x00000000d7d00000, 0x00000000d7d00000|100%|HS|  |TAMS 0x00000000d7c00000| PB 0x00000000d7c00000| Untracked |  0
| 381|0x00000000d7d00000, 0x00000000d7e00000, 0x00000000d7e00000|100%|HC|  |TAMS 0x00000000d7d00000| PB 0x00000000d7d00000| Untracked |  0
| 382|0x00000000d7e00000, 0x00000000d7f00000, 0x00000000d7f00000|100%|HC|  |TAMS 0x00000000d7e00000| PB 0x00000000d7e00000| Untracked |  0
| 383|0x00000000d7f00000, 0x00000000d8000000, 0x00000000d8000000|100%|HC|  |TAMS 0x00000000d7f00000| PB 0x00000000d7f00000| Untracked |  0
| 384|0x00000000d8000000, 0x00000000d8100000, 0x00000000d8100000|100%|HC|  |TAMS 0x00000000d8000000| PB 0x00000000d8000000| Untracked |  0
| 385|0x00000000d8100000, 0x00000000d8200000, 0x00000000d8200000|100%|HC|  |TAMS 0x00000000d8100000| PB 0x00000000d8100000| Untracked |  0
| 386|0x00000000d8200000, 0x00000000d8300000, 0x00000000d8300000|100%|HC|  |TAMS 0x00000000d8200000| PB 0x00000000d8200000| Untracked |  0
| 387|0x00000000d8300000, 0x00000000d8400000, 0x00000000d8400000|100%|HC|  |TAMS 0x00000000d8300000| PB 0x00000000d8300000| Untracked |  0
| 388|0x00000000d8400000, 0x00000000d8500000, 0x00000000d8500000|100%|HC|  |TAMS 0x00000000d8400000| PB 0x00000000d8400000| Untracked |  0
| 389|0x00000000d8500000, 0x00000000d85ffff0, 0x00000000d8600000| 99%| O|  |TAMS 0x00000000d8500000| PB 0x00000000d8500000| Untracked |  0
| 390|0x00000000d8600000, 0x00000000d86fff70, 0x00000000d8700000| 99%| O|  |TAMS 0x00000000d8600000| PB 0x00000000d8600000| Untracked |  0
| 391|0x00000000d8700000, 0x00000000d87ffff8, 0x00000000d8800000| 99%| O|  |TAMS 0x00000000d8700000| PB 0x00000000d8700000| Untracked |  0
| 392|0x00000000d8800000, 0x00000000d88ffff8, 0x00000000d8900000| 99%| O|  |TAMS 0x00000000d8800000| PB 0x00000000d8800000| Untracked |  0
| 393|0x00000000d8900000, 0x00000000d89ffff8, 0x00000000d8a00000| 99%| O|  |TAMS 0x00000000d8900000| PB 0x00000000d8900000| Untracked |  0
| 394|0x00000000d8a00000, 0x00000000d8afa818, 0x00000000d8b00000| 97%| O|  |TAMS 0x00000000d8a00000| PB 0x00000000d8a00000| Untracked |  0
| 395|0x00000000d8b00000, 0x00000000d8c00000, 0x00000000d8c00000|100%| O|  |TAMS 0x00000000d8b00000| PB 0x00000000d8b00000| Untracked |  0
| 396|0x00000000d8c00000, 0x00000000d8d00000, 0x00000000d8d00000|100%| O|  |TAMS 0x00000000d8c00000| PB 0x00000000d8c00000| Untracked |  0
| 397|0x00000000d8d00000, 0x00000000d8dffff8, 0x00000000d8e00000| 99%| O|  |TAMS 0x00000000d8d00000| PB 0x00000000d8d00000| Untracked |  0
| 398|0x00000000d8e00000, 0x00000000d8efff90, 0x00000000d8f00000| 99%| O|  |TAMS 0x00000000d8e00000| PB 0x00000000d8e00000| Untracked |  0
| 399|0x00000000d8f00000, 0x00000000d8fffe98, 0x00000000d9000000| 99%| O|  |TAMS 0x00000000d8f00000| PB 0x00000000d8f00000| Untracked |  0
| 400|0x00000000d9000000, 0x00000000d90fff78, 0x00000000d9100000| 99%| O|  |TAMS 0x00000000d9000000| PB 0x00000000d9000000| Untracked |  0
| 401|0x00000000d9100000, 0x00000000d91fffe0, 0x00000000d9200000| 99%| O|  |TAMS 0x00000000d9100000| PB 0x00000000d9100000| Untracked |  0
| 402|0x00000000d9200000, 0x00000000d92fffe0, 0x00000000d9300000| 99%| O|  |TAMS 0x00000000d9200000| PB 0x00000000d9200000| Untracked |  0
| 403|0x00000000d9300000, 0x00000000d93fffe8, 0x00000000d9400000| 99%| O|  |TAMS 0x00000000d9300000| PB 0x00000000d9300000| Untracked |  0
| 404|0x00000000d9400000, 0x00000000d94ffff0, 0x00000000d9500000| 99%| O|  |TAMS 0x00000000d9400000| PB 0x00000000d9400000| Untracked |  0
| 405|0x00000000d9500000, 0x00000000d9600000, 0x00000000d9600000|100%| O|  |TAMS 0x00000000d9500000| PB 0x00000000d9500000| Untracked |  0
| 406|0x00000000d9600000, 0x00000000d9700000, 0x00000000d9700000|100%| O|  |TAMS 0x00000000d9600000| PB 0x00000000d9600000| Untracked |  0
| 407|0x00000000d9700000, 0x00000000d97ffff8, 0x00000000d9800000| 99%| O|  |TAMS 0x00000000d9700000| PB 0x00000000d9700000| Untracked |  0
| 408|0x00000000d9800000, 0x00000000d9900000, 0x00000000d9900000|100%| O|  |TAMS 0x00000000d9800000| PB 0x00000000d9800000| Untracked |  0
| 409|0x00000000d9900000, 0x00000000d9a00000, 0x00000000d9a00000|100%| O|  |TAMS 0x00000000d9900000| PB 0x00000000d9900000| Untracked |  0
| 410|0x00000000d9a00000, 0x00000000d9afffe0, 0x00000000d9b00000| 99%| O|  |TAMS 0x00000000d9a00000| PB 0x00000000d9a00000| Untracked |  0
| 411|0x00000000d9b00000, 0x00000000d9c00000, 0x00000000d9c00000|100%| O|  |TAMS 0x00000000d9b00000| PB 0x00000000d9b00000| Untracked |  0
| 412|0x00000000d9c00000, 0x00000000d9cfffe8, 0x00000000d9d00000| 99%| O|  |TAMS 0x00000000d9c00000| PB 0x00000000d9c00000| Untracked |  0
| 413|0x00000000d9d00000, 0x00000000d9dffff0, 0x00000000d9e00000| 99%| O|  |TAMS 0x00000000d9d00000| PB 0x00000000d9d00000| Untracked |  0
| 414|0x00000000d9e00000, 0x00000000d9efffe8, 0x00000000d9f00000| 99%| O|  |TAMS 0x00000000d9e00000| PB 0x00000000d9e00000| Untracked |  0
| 415|0x00000000d9f00000, 0x00000000da000000, 0x00000000da000000|100%|HS|  |TAMS 0x00000000d9f00000| PB 0x00000000d9f00000| Complete |  0
| 416|0x00000000da000000, 0x00000000da0ffff8, 0x00000000da100000| 99%| O|  |TAMS 0x00000000da000000| PB 0x00000000da000000| Untracked |  0
| 417|0x00000000da100000, 0x00000000da1fffb0, 0x00000000da200000| 99%| O|  |TAMS 0x00000000da100000| PB 0x00000000da100000| Untracked |  0
| 418|0x00000000da200000, 0x00000000da300000, 0x00000000da300000|100%| O|  |TAMS 0x00000000da200000| PB 0x00000000da200000| Untracked |  0
| 419|0x00000000da300000, 0x00000000da400000, 0x00000000da400000|100%| O|  |TAMS 0x00000000da300000| PB 0x00000000da300000| Untracked |  0
| 420|0x00000000da400000, 0x00000000da500000, 0x00000000da500000|100%| O|  |TAMS 0x00000000da400000| PB 0x00000000da400000| Untracked |  0
| 421|0x00000000da500000, 0x00000000da600000, 0x00000000da600000|100%| O|  |TAMS 0x00000000da500000| PB 0x00000000da500000| Untracked |  0
| 422|0x00000000da600000, 0x00000000da700000, 0x00000000da700000|100%| O|  |TAMS 0x00000000da600000| PB 0x00000000da600000| Untracked |  0
| 423|0x00000000da700000, 0x00000000da800000, 0x00000000da800000|100%| O|  |TAMS 0x00000000da700000| PB 0x00000000da700000| Untracked |  0
| 424|0x00000000da800000, 0x00000000da900000, 0x00000000da900000|100%| O|  |TAMS 0x00000000da800000| PB 0x00000000da800000| Untracked |  0
| 425|0x00000000da900000, 0x00000000daa00000, 0x00000000daa00000|100%| O|  |TAMS 0x00000000da900000| PB 0x00000000da900000| Untracked |  0
| 426|0x00000000daa00000, 0x00000000dab00000, 0x00000000dab00000|100%| O|  |TAMS 0x00000000daa00000| PB 0x00000000daa00000| Untracked |  0
| 427|0x00000000dab00000, 0x00000000dac00000, 0x00000000dac00000|100%| O|  |TAMS 0x00000000dab00000| PB 0x00000000dab00000| Untracked |  0
| 428|0x00000000dac00000, 0x00000000dad00000, 0x00000000dad00000|100%| O|  |TAMS 0x00000000dac00000| PB 0x00000000dac00000| Untracked |  0
| 429|0x00000000dad00000, 0x00000000dae00000, 0x00000000dae00000|100%| O|  |TAMS 0x00000000dad00000| PB 0x00000000dad00000| Untracked |  0
| 430|0x00000000dae00000, 0x00000000daf00000, 0x00000000daf00000|100%| O|  |TAMS 0x00000000dae00000| PB 0x00000000dae00000| Untracked |  0
| 431|0x00000000daf00000, 0x00000000db000000, 0x00000000db000000|100%| O|  |TAMS 0x00000000daf00000| PB 0x00000000daf00000| Untracked |  0
| 432|0x00000000db000000, 0x00000000db100000, 0x00000000db100000|100%| O|  |TAMS 0x00000000db000000| PB 0x00000000db000000| Untracked |  0
| 433|0x00000000db100000, 0x00000000db200000, 0x00000000db200000|100%| O|  |TAMS 0x00000000db100000| PB 0x00000000db100000| Untracked |  0
| 434|0x00000000db200000, 0x00000000db300000, 0x00000000db300000|100%| O|  |TAMS 0x00000000db200000| PB 0x00000000db200000| Untracked |  0
| 435|0x00000000db300000, 0x00000000db400000, 0x00000000db400000|100%| O|  |TAMS 0x00000000db300000| PB 0x00000000db300000| Untracked |  0
| 436|0x00000000db400000, 0x00000000db500000, 0x00000000db500000|100%| O|  |TAMS 0x00000000db400000| PB 0x00000000db400000| Untracked |  0
| 437|0x00000000db500000, 0x00000000db600000, 0x00000000db600000|100%| O|  |TAMS 0x00000000db500000| PB 0x00000000db500000| Untracked |  0
| 438|0x00000000db600000, 0x00000000db700000, 0x00000000db700000|100%| O|  |TAMS 0x00000000db600000| PB 0x00000000db600000| Untracked |  0
| 439|0x00000000db700000, 0x00000000db800000, 0x00000000db800000|100%| O|  |TAMS 0x00000000db700000| PB 0x00000000db700000| Untracked |  0
| 440|0x00000000db800000, 0x00000000db900000, 0x00000000db900000|100%| O|  |TAMS 0x00000000db800000| PB 0x00000000db800000| Untracked |  0
| 441|0x00000000db900000, 0x00000000db9fdc28, 0x00000000dba00000| 99%| O|  |TAMS 0x00000000db900000| PB 0x00000000db900000| Untracked |  0
| 442|0x00000000dba00000, 0x00000000dbb00000, 0x00000000dbb00000|100%| O|  |TAMS 0x00000000dba00000| PB 0x00000000dba00000| Untracked |  0
| 443|0x00000000dbb00000, 0x00000000dbc00000, 0x00000000dbc00000|100%| O|  |TAMS 0x00000000dbb00000| PB 0x00000000dbb00000| Untracked |  0
| 444|0x00000000dbc00000, 0x00000000dbcffff8, 0x00000000dbd00000| 99%| O|  |TAMS 0x00000000dbc00000| PB 0x00000000dbc00000| Untracked |  0
| 445|0x00000000dbd00000, 0x00000000dbdf8ac8, 0x00000000dbe00000| 97%| O|  |TAMS 0x00000000dbd00000| PB 0x00000000dbd00000| Untracked |  0
| 446|0x00000000dbe00000, 0x00000000dbefd168, 0x00000000dbf00000| 98%| O|  |TAMS 0x00000000dbe00000| PB 0x00000000dbe00000| Untracked |  0
| 447|0x00000000dbf00000, 0x00000000dbfffff0, 0x00000000dc000000| 99%| O|  |TAMS 0x00000000dbf00000| PB 0x00000000dbf00000| Untracked |  0
| 448|0x00000000dc000000, 0x00000000dc0ff620, 0x00000000dc100000| 99%| O|  |TAMS 0x00000000dc000000| PB 0x00000000dc000000| Untracked |  0
| 449|0x00000000dc100000, 0x00000000dc200000, 0x00000000dc200000|100%| O|  |TAMS 0x00000000dc100000| PB 0x00000000dc100000| Untracked |  0
| 450|0x00000000dc200000, 0x00000000dc300000, 0x00000000dc300000|100%| O|  |TAMS 0x00000000dc200000| PB 0x00000000dc200000| Untracked |  0
| 451|0x00000000dc300000, 0x00000000dc400000, 0x00000000dc400000|100%| O|  |TAMS 0x00000000dc300000| PB 0x00000000dc300000| Untracked |  0
| 452|0x00000000dc400000, 0x00000000dc500000, 0x00000000dc500000|100%| O|  |TAMS 0x00000000dc400000| PB 0x00000000dc400000| Untracked |  0
| 453|0x00000000dc500000, 0x00000000dc5fffc0, 0x00000000dc600000| 99%| O|  |TAMS 0x00000000dc500000| PB 0x00000000dc500000| Untracked |  0
| 454|0x00000000dc600000, 0x00000000dc700000, 0x00000000dc700000|100%| O|  |TAMS 0x00000000dc600000| PB 0x00000000dc600000| Untracked |  0
| 455|0x00000000dc700000, 0x00000000dc7fc0e8, 0x00000000dc800000| 98%| O|  |TAMS 0x00000000dc700000| PB 0x00000000dc700000| Untracked |  0
| 456|0x00000000dc800000, 0x00000000dc8ff9f8, 0x00000000dc900000| 99%| O|  |TAMS 0x00000000dc800000| PB 0x00000000dc800000| Untracked |  0
| 457|0x00000000dc900000, 0x00000000dc9fffa8, 0x00000000dca00000| 99%| O|  |TAMS 0x00000000dc900000| PB 0x00000000dc900000| Untracked |  0
| 458|0x00000000dca00000, 0x00000000dcafffe0, 0x00000000dcb00000| 99%| O|  |TAMS 0x00000000dca00000| PB 0x00000000dca00000| Untracked |  0
| 459|0x00000000dcb00000, 0x00000000dcbffff8, 0x00000000dcc00000| 99%| O|  |TAMS 0x00000000dcb00000| PB 0x00000000dcb00000| Untracked |  0
| 460|0x00000000dcc00000, 0x00000000dccfffe8, 0x00000000dcd00000| 99%| O|  |TAMS 0x00000000dcc00000| PB 0x00000000dcc00000| Untracked |  0
| 461|0x00000000dcd00000, 0x00000000dce00000, 0x00000000dce00000|100%| O|  |TAMS 0x00000000dcd00000| PB 0x00000000dcd00000| Untracked |  0
| 462|0x00000000dce00000, 0x00000000dceffff0, 0x00000000dcf00000| 99%| O|  |TAMS 0x00000000dce00000| PB 0x00000000dce00000| Untracked |  0
| 463|0x00000000dcf00000, 0x00000000dcfffee0, 0x00000000dd000000| 99%| O|  |TAMS 0x00000000dcf00000| PB 0x00000000dcf00000| Untracked |  0
| 464|0x00000000dd000000, 0x00000000dd100000, 0x00000000dd100000|100%| O|  |TAMS 0x00000000dd000000| PB 0x00000000dd000000| Untracked |  0
| 465|0x00000000dd100000, 0x00000000dd1fffe8, 0x00000000dd200000| 99%| O|  |TAMS 0x00000000dd100000| PB 0x00000000dd100000| Untracked |  0
| 466|0x00000000dd200000, 0x00000000dd2ffff0, 0x00000000dd300000| 99%| O|  |TAMS 0x00000000dd200000| PB 0x00000000dd200000| Untracked |  0
| 467|0x00000000dd300000, 0x00000000dd3ffff8, 0x00000000dd400000| 99%| O|  |TAMS 0x00000000dd300000| PB 0x00000000dd300000| Untracked |  0
| 468|0x00000000dd400000, 0x00000000dd4ffff0, 0x00000000dd500000| 99%| O|  |TAMS 0x00000000dd400000| PB 0x00000000dd400000| Untracked |  0
| 469|0x00000000dd500000, 0x00000000dd5ff1e0, 0x00000000dd600000| 99%| O|  |TAMS 0x00000000dd500000| PB 0x00000000dd500000| Untracked |  0
| 470|0x00000000dd600000, 0x00000000dd6fffc8, 0x00000000dd700000| 99%| O|  |TAMS 0x00000000dd600000| PB 0x00000000dd600000| Untracked |  0
| 471|0x00000000dd700000, 0x00000000dd7ffff0, 0x00000000dd800000| 99%| O|  |TAMS 0x00000000dd700000| PB 0x00000000dd700000| Untracked |  0
| 472|0x00000000dd800000, 0x00000000dd8ffff0, 0x00000000dd900000| 99%| O|  |TAMS 0x00000000dd800000| PB 0x00000000dd800000| Untracked |  0
| 473|0x00000000dd900000, 0x00000000dd9ffff8, 0x00000000dda00000| 99%| O|  |TAMS 0x00000000dd900000| PB 0x00000000dd900000| Untracked |  0
| 474|0x00000000dda00000, 0x00000000ddafa2b8, 0x00000000ddb00000| 97%| O|  |TAMS 0x00000000dda00000| PB 0x00000000dda00000| Untracked |  0
| 475|0x00000000ddb00000, 0x00000000ddbffff8, 0x00000000ddc00000| 99%| O|  |TAMS 0x00000000ddb00000| PB 0x00000000ddb00000| Untracked |  0
| 476|0x00000000ddc00000, 0x00000000ddcfff20, 0x00000000ddd00000| 99%| O|  |TAMS 0x00000000ddc00000| PB 0x00000000ddc00000| Untracked |  0
| 477|0x00000000ddd00000, 0x00000000dde00000, 0x00000000dde00000|100%| O|  |TAMS 0x00000000ddd00000| PB 0x00000000ddd00000| Untracked |  0
| 478|0x00000000dde00000, 0x00000000ddf00000, 0x00000000ddf00000|100%| O|  |TAMS 0x00000000dde00000| PB 0x00000000dde00000| Untracked |  0
| 479|0x00000000ddf00000, 0x00000000ddffffd0, 0x00000000de000000| 99%| O|  |TAMS 0x00000000ddf00000| PB 0x00000000ddf00000| Untracked |  0
| 480|0x00000000de000000, 0x00000000de100000, 0x00000000de100000|100%| O|  |TAMS 0x00000000de000000| PB 0x00000000de000000| Untracked |  0
| 481|0x00000000de100000, 0x00000000de200000, 0x00000000de200000|100%|HS|  |TAMS 0x00000000de100000| PB 0x00000000de100000| Complete |  0
| 482|0x00000000de200000, 0x00000000de300000, 0x00000000de300000|100%|HC|  |TAMS 0x00000000de200000| PB 0x00000000de200000| Complete |  0
| 483|0x00000000de300000, 0x00000000de3ffff8, 0x00000000de400000| 99%| O|  |TAMS 0x00000000de300000| PB 0x00000000de300000| Untracked |  0
| 484|0x00000000de400000, 0x00000000de4ffff0, 0x00000000de500000| 99%| O|  |TAMS 0x00000000de400000| PB 0x00000000de400000| Untracked |  0
| 485|0x00000000de500000, 0x00000000de5fffe8, 0x00000000de600000| 99%| O|  |TAMS 0x00000000de500000| PB 0x00000000de500000| Untracked |  0
| 486|0x00000000de600000, 0x00000000de700000, 0x00000000de700000|100%| O|  |TAMS 0x00000000de600000| PB 0x00000000de600000| Untracked |  0
| 487|0x00000000de700000, 0x00000000de7ffff8, 0x00000000de800000| 99%| O|  |TAMS 0x00000000de700000| PB 0x00000000de700000| Untracked |  0
| 488|0x00000000de800000, 0x00000000de8fffe0, 0x00000000de900000| 99%| O|  |TAMS 0x00000000de800000| PB 0x00000000de800000| Untracked |  0
| 489|0x00000000de900000, 0x00000000de9ffff0, 0x00000000dea00000| 99%| O|  |TAMS 0x00000000de900000| PB 0x00000000de900000| Untracked |  0
| 490|0x00000000dea00000, 0x00000000deafffc8, 0x00000000deb00000| 99%| O|  |TAMS 0x00000000dea00000| PB 0x00000000dea00000| Untracked |  0
| 491|0x00000000deb00000, 0x00000000debfffe0, 0x00000000dec00000| 99%| O|  |TAMS 0x00000000deb00000| PB 0x00000000deb00000| Untracked |  0
| 492|0x00000000dec00000, 0x00000000decffff8, 0x00000000ded00000| 99%| O|  |TAMS 0x00000000dec00000| PB 0x00000000dec00000| Untracked |  0
| 493|0x00000000ded00000, 0x00000000dedffff8, 0x00000000dee00000| 99%| O|  |TAMS 0x00000000ded00000| PB 0x00000000ded00000| Untracked |  0
| 494|0x00000000dee00000, 0x00000000deeffff0, 0x00000000def00000| 99%| O|  |TAMS 0x00000000dee00000| PB 0x00000000dee00000| Untracked |  0
| 495|0x00000000def00000, 0x00000000deffffd8, 0x00000000df000000| 99%| O|  |TAMS 0x00000000def00000| PB 0x00000000def00000| Untracked |  0
| 496|0x00000000df000000, 0x00000000df0f63c8, 0x00000000df100000| 96%| O|  |TAMS 0x00000000df000000| PB 0x00000000df000000| Untracked |  0
| 497|0x00000000df100000, 0x00000000df1fffe8, 0x00000000df200000| 99%| O|  |TAMS 0x00000000df100000| PB 0x00000000df100000| Untracked |  0
| 498|0x00000000df200000, 0x00000000df300000, 0x00000000df300000|100%| O|  |TAMS 0x00000000df200000| PB 0x00000000df200000| Untracked |  0
| 499|0x00000000df300000, 0x00000000df357a20, 0x00000000df400000| 34%| O|  |TAMS 0x00000000df300000| PB 0x00000000df300000| Untracked |  0
| 500|0x00000000df400000, 0x00000000df4d0ed8, 0x00000000df500000| 81%| O|  |TAMS 0x00000000df400000| PB 0x00000000df400000| Untracked |  0
| 501|0x00000000df500000, 0x00000000df5ffff0, 0x00000000df600000| 99%| O|  |TAMS 0x00000000df500000| PB 0x00000000df500000| Untracked |  0
| 502|0x00000000df600000, 0x00000000df6ffff0, 0x00000000df700000| 99%| O|  |TAMS 0x00000000df600000| PB 0x00000000df600000| Untracked |  0
| 503|0x00000000df700000, 0x00000000df800000, 0x00000000df800000|100%|HS|  |TAMS 0x00000000df700000| PB 0x00000000df700000| Complete |  0
| 504|0x00000000df800000, 0x00000000df900000, 0x00000000df900000|100%| O|  |TAMS 0x00000000df800000| PB 0x00000000df800000| Untracked |  0
| 505|0x00000000df900000, 0x00000000df9fffb8, 0x00000000dfa00000| 99%| O|  |TAMS 0x00000000df900000| PB 0x00000000df900000| Untracked |  0
| 506|0x00000000dfa00000, 0x00000000dfafffd8, 0x00000000dfb00000| 99%| O|  |TAMS 0x00000000dfa00000| PB 0x00000000dfa00000| Untracked |  0
| 507|0x00000000dfb00000, 0x00000000dfbb60a8, 0x00000000dfc00000| 71%| O|Cm|TAMS 0x00000000dfb00000| PB 0x00000000dfb00000| Complete |  0
| 508|0x00000000dfc00000, 0x00000000dfcffff8, 0x00000000dfd00000| 99%| O|  |TAMS 0x00000000dfc00000| PB 0x00000000dfc00000| Untracked |  0
| 509|0x00000000dfd00000, 0x00000000dfdff930, 0x00000000dfe00000| 99%| O|  |TAMS 0x00000000dfd00000| PB 0x00000000dfd00000| Untracked |  0
| 510|0x00000000dfe00000, 0x00000000dfe848a8, 0x00000000dff00000| 51%| O|Cm|TAMS 0x00000000dfe00000| PB 0x00000000dfe00000| Complete |  0
| 511|0x00000000dff00000, 0x00000000dffd71c8, 0x00000000e0000000| 84%| O|  |TAMS 0x00000000dff00000| PB 0x00000000dff00000| Untracked |  0
| 512|0x00000000e0000000, 0x00000000e0100000, 0x00000000e0100000|100%| O|  |TAMS 0x00000000e0000000| PB 0x00000000e0000000| Untracked |  0
| 513|0x00000000e0100000, 0x00000000e0200000, 0x00000000e0200000|100%| O|  |TAMS 0x00000000e0100000| PB 0x00000000e0100000| Untracked |  0
| 514|0x00000000e0200000, 0x00000000e0300000, 0x00000000e0300000|100%| O|  |TAMS 0x00000000e0200000| PB 0x00000000e0200000| Untracked |  0
| 515|0x00000000e0300000, 0x00000000e0400000, 0x00000000e0400000|100%| O|  |TAMS 0x00000000e0300000| PB 0x00000000e0300000| Untracked |  0
| 516|0x00000000e0400000, 0x00000000e044bd18, 0x00000000e0500000| 29%| O|Cm|TAMS 0x00000000e0400000| PB 0x00000000e0400000| Complete |  0
| 517|0x00000000e0500000, 0x00000000e0600000, 0x00000000e0600000|100%| O|  |TAMS 0x00000000e0500000| PB 0x00000000e0500000| Untracked |  0
| 518|0x00000000e0600000, 0x00000000e0700000, 0x00000000e0700000|100%|HS|  |TAMS 0x00000000e0600000| PB 0x00000000e0600000| Complete |  0
| 519|0x00000000e0700000, 0x00000000e0800000, 0x00000000e0800000|100%|HS|  |TAMS 0x00000000e0700000| PB 0x00000000e0700000| Untracked |  0
| 520|0x00000000e0800000, 0x00000000e0900000, 0x00000000e0900000|100%|HS|  |TAMS 0x00000000e0800000| PB 0x00000000e0800000| Complete |  0
| 521|0x00000000e0900000, 0x00000000e0a00000, 0x00000000e0a00000|100%|HS|  |TAMS 0x00000000e0900000| PB 0x00000000e0900000| Complete |  0
| 522|0x00000000e0a00000, 0x00000000e0ab15a0, 0x00000000e0b00000| 69%| O|Cm|TAMS 0x00000000e0a00000| PB 0x00000000e0a00000| Complete |  0
| 523|0x00000000e0b00000, 0x00000000e0bfffe0, 0x00000000e0c00000| 99%| O|  |TAMS 0x00000000e0b00000| PB 0x00000000e0b00000| Untracked |  0
| 524|0x00000000e0c00000, 0x00000000e0d00000, 0x00000000e0d00000|100%| O|  |TAMS 0x00000000e0c00000| PB 0x00000000e0c00000| Untracked |  0
| 525|0x00000000e0d00000, 0x00000000e0e00000, 0x00000000e0e00000|100%| O|  |TAMS 0x00000000e0d00000| PB 0x00000000e0d00000| Untracked |  0
| 526|0x00000000e0e00000, 0x00000000e0e98430, 0x00000000e0f00000| 59%| O|  |TAMS 0x00000000e0e00000| PB 0x00000000e0e00000| Untracked |  0
| 527|0x00000000e0f00000, 0x00000000e1000000, 0x00000000e1000000|100%| O|  |TAMS 0x00000000e0f00000| PB 0x00000000e0f00000| Untracked |  0
| 528|0x00000000e1000000, 0x00000000e1100000, 0x00000000e1100000|100%| O|  |TAMS 0x00000000e1000000| PB 0x00000000e1000000| Untracked |  0
| 529|0x00000000e1100000, 0x00000000e1200000, 0x00000000e1200000|100%| O|  |TAMS 0x00000000e1100000| PB 0x00000000e1100000| Untracked |  0
| 530|0x00000000e1200000, 0x00000000e1300000, 0x00000000e1300000|100%|HS|  |TAMS 0x00000000e1200000| PB 0x00000000e1200000| Complete |  0
| 531|0x00000000e1300000, 0x00000000e1400000, 0x00000000e1400000|100%|HC|  |TAMS 0x00000000e1300000| PB 0x00000000e1300000| Complete |  0
| 532|0x00000000e1400000, 0x00000000e1500000, 0x00000000e1500000|100%| O|  |TAMS 0x00000000e1400000| PB 0x00000000e1400000| Untracked |  0
| 533|0x00000000e1500000, 0x00000000e1600000, 0x00000000e1600000|100%| O|  |TAMS 0x00000000e1500000| PB 0x00000000e1500000| Untracked |  0
| 534|0x00000000e1600000, 0x00000000e1700000, 0x00000000e1700000|100%| O|  |TAMS 0x00000000e1600000| PB 0x00000000e1600000| Untracked |  0
| 535|0x00000000e1700000, 0x00000000e1800000, 0x00000000e1800000|100%| O|  |TAMS 0x00000000e1700000| PB 0x00000000e1700000| Untracked |  0
| 536|0x00000000e1800000, 0x00000000e1830600, 0x00000000e1900000| 18%| O|  |TAMS 0x00000000e1800000| PB 0x00000000e1800000| Untracked |  0
| 537|0x00000000e1900000, 0x00000000e1a00000, 0x00000000e1a00000|100%|HS|  |TAMS 0x00000000e1900000| PB 0x00000000e1900000| Complete |  0
| 538|0x00000000e1a00000, 0x00000000e1b00000, 0x00000000e1b00000|100%|HC|  |TAMS 0x00000000e1a00000| PB 0x00000000e1a00000| Complete |  0
| 539|0x00000000e1b00000, 0x00000000e1b00000, 0x00000000e1c00000|  0%| F|  |TAMS 0x00000000e1b00000| PB 0x00000000e1b00000| Untracked |  0
| 540|0x00000000e1c00000, 0x00000000e1d00000, 0x00000000e1d00000|100%|HS|  |TAMS 0x00000000e1c00000| PB 0x00000000e1c00000| Complete |  0
| 541|0x00000000e1d00000, 0x00000000e1e00000, 0x00000000e1e00000|100%|HC|  |TAMS 0x00000000e1d00000| PB 0x00000000e1d00000| Complete |  0
| 542|0x00000000e1e00000, 0x00000000e1e00000, 0x00000000e1f00000|  0%| F|  |TAMS 0x00000000e1e00000| PB 0x00000000e1e00000| Untracked |  0
| 543|0x00000000e1f00000, 0x00000000e1f00000, 0x00000000e2000000|  0%| F|  |TAMS 0x00000000e1f00000| PB 0x00000000e1f00000| Untracked |  0
| 544|0x00000000e2000000, 0x00000000e2000000, 0x00000000e2100000|  0%| F|  |TAMS 0x00000000e2000000| PB 0x00000000e2000000| Untracked |  0
| 545|0x00000000e2100000, 0x00000000e2100000, 0x00000000e2200000|  0%| F|  |TAMS 0x00000000e2100000| PB 0x00000000e2100000| Untracked |  0
| 546|0x00000000e2200000, 0x00000000e2200000, 0x00000000e2300000|  0%| F|  |TAMS 0x00000000e2200000| PB 0x00000000e2200000| Untracked |  0
| 547|0x00000000e2300000, 0x00000000e2300000, 0x00000000e2400000|  0%| F|  |TAMS 0x00000000e2300000| PB 0x00000000e2300000| Untracked |  0
| 548|0x00000000e2400000, 0x00000000e2400000, 0x00000000e2500000|  0%| F|  |TAMS 0x00000000e2400000| PB 0x00000000e2400000| Untracked |  0
| 549|0x00000000e2500000, 0x00000000e2500000, 0x00000000e2600000|  0%| F|  |TAMS 0x00000000e2500000| PB 0x00000000e2500000| Untracked |  0
| 550|0x00000000e2600000, 0x00000000e2600000, 0x00000000e2700000|  0%| F|  |TAMS 0x00000000e2600000| PB 0x00000000e2600000| Untracked |  0
| 551|0x00000000e2700000, 0x00000000e2700000, 0x00000000e2800000|  0%| F|  |TAMS 0x00000000e2700000| PB 0x00000000e2700000| Untracked |  0
| 552|0x00000000e2800000, 0x00000000e2800000, 0x00000000e2900000|  0%| F|  |TAMS 0x00000000e2800000| PB 0x00000000e2800000| Untracked |  0
| 553|0x00000000e2900000, 0x00000000e2900000, 0x00000000e2a00000|  0%| F|  |TAMS 0x00000000e2900000| PB 0x00000000e2900000| Untracked |  0
| 554|0x00000000e2a00000, 0x00000000e2a00000, 0x00000000e2b00000|  0%| F|  |TAMS 0x00000000e2a00000| PB 0x00000000e2a00000| Untracked |  0
| 555|0x00000000e2b00000, 0x00000000e2b00000, 0x00000000e2c00000|  0%| F|  |TAMS 0x00000000e2b00000| PB 0x00000000e2b00000| Untracked |  0
| 556|0x00000000e2c00000, 0x00000000e2c00000, 0x00000000e2d00000|  0%| F|  |TAMS 0x00000000e2c00000| PB 0x00000000e2c00000| Untracked |  0
| 557|0x00000000e2d00000, 0x00000000e2d00000, 0x00000000e2e00000|  0%| F|  |TAMS 0x00000000e2d00000| PB 0x00000000e2d00000| Untracked |  0
| 558|0x00000000e2e00000, 0x00000000e2e00000, 0x00000000e2f00000|  0%| F|  |TAMS 0x00000000e2e00000| PB 0x00000000e2e00000| Untracked |  0
| 559|0x00000000e2f00000, 0x00000000e2f00000, 0x00000000e3000000|  0%| F|  |TAMS 0x00000000e2f00000| PB 0x00000000e2f00000| Untracked |  0
| 560|0x00000000e3000000, 0x00000000e3000000, 0x00000000e3100000|  0%| F|  |TAMS 0x00000000e3000000| PB 0x00000000e3000000| Untracked |  0
| 561|0x00000000e3100000, 0x00000000e3100000, 0x00000000e3200000|  0%| F|  |TAMS 0x00000000e3100000| PB 0x00000000e3100000| Untracked |  0
| 562|0x00000000e3200000, 0x00000000e3200000, 0x00000000e3300000|  0%| F|  |TAMS 0x00000000e3200000| PB 0x00000000e3200000| Untracked |  0
| 563|0x00000000e3300000, 0x00000000e3300000, 0x00000000e3400000|  0%| F|  |TAMS 0x00000000e3300000| PB 0x00000000e3300000| Untracked |  0
| 564|0x00000000e3400000, 0x00000000e3400000, 0x00000000e3500000|  0%| F|  |TAMS 0x00000000e3400000| PB 0x00000000e3400000| Untracked |  0
| 565|0x00000000e3500000, 0x00000000e3500000, 0x00000000e3600000|  0%| F|  |TAMS 0x00000000e3500000| PB 0x00000000e3500000| Untracked |  0
| 566|0x00000000e3600000, 0x00000000e3600000, 0x00000000e3700000|  0%| F|  |TAMS 0x00000000e3600000| PB 0x00000000e3600000| Untracked |  0
| 567|0x00000000e3700000, 0x00000000e3700000, 0x00000000e3800000|  0%| F|  |TAMS 0x00000000e3700000| PB 0x00000000e3700000| Untracked |  0
| 568|0x00000000e3800000, 0x00000000e3800000, 0x00000000e3900000|  0%| F|  |TAMS 0x00000000e3800000| PB 0x00000000e3800000| Untracked |  0
| 569|0x00000000e3900000, 0x00000000e3900000, 0x00000000e3a00000|  0%| F|  |TAMS 0x00000000e3900000| PB 0x00000000e3900000| Untracked |  0
| 570|0x00000000e3a00000, 0x00000000e3a00000, 0x00000000e3b00000|  0%| F|  |TAMS 0x00000000e3a00000| PB 0x00000000e3a00000| Untracked |  0
| 571|0x00000000e3b00000, 0x00000000e3b00000, 0x00000000e3c00000|  0%| F|  |TAMS 0x00000000e3b00000| PB 0x00000000e3b00000| Untracked |  0
| 572|0x00000000e3c00000, 0x00000000e3c00000, 0x00000000e3d00000|  0%| F|  |TAMS 0x00000000e3c00000| PB 0x00000000e3c00000| Untracked |  0
| 573|0x00000000e3d00000, 0x00000000e3d00000, 0x00000000e3e00000|  0%| F|  |TAMS 0x00000000e3d00000| PB 0x00000000e3d00000| Untracked |  0
| 574|0x00000000e3e00000, 0x00000000e3f00000, 0x00000000e3f00000|100%|HS|  |TAMS 0x00000000e3e00000| PB 0x00000000e3e00000| Untracked |  0
| 575|0x00000000e3f00000, 0x00000000e4000000, 0x00000000e4000000|100%|HC|  |TAMS 0x00000000e3f00000| PB 0x00000000e3f00000| Untracked |  0
| 576|0x00000000e4000000, 0x00000000e4000000, 0x00000000e4100000|  0%| F|  |TAMS 0x00000000e4000000| PB 0x00000000e4000000| Untracked |  0
| 577|0x00000000e4100000, 0x00000000e4100000, 0x00000000e4200000|  0%| F|  |TAMS 0x00000000e4100000| PB 0x00000000e4100000| Untracked |  0
| 578|0x00000000e4200000, 0x00000000e4200000, 0x00000000e4300000|  0%| F|  |TAMS 0x00000000e4200000| PB 0x00000000e4200000| Untracked |  0
| 579|0x00000000e4300000, 0x00000000e4300000, 0x00000000e4400000|  0%| F|  |TAMS 0x00000000e4300000| PB 0x00000000e4300000| Untracked |  0
| 580|0x00000000e4400000, 0x00000000e4400000, 0x00000000e4500000|  0%| F|  |TAMS 0x00000000e4400000| PB 0x00000000e4400000| Untracked |  0
| 581|0x00000000e4500000, 0x00000000e4500000, 0x00000000e4600000|  0%| F|  |TAMS 0x00000000e4500000| PB 0x00000000e4500000| Untracked |  0
| 582|0x00000000e4600000, 0x00000000e4600000, 0x00000000e4700000|  0%| F|  |TAMS 0x00000000e4600000| PB 0x00000000e4600000| Untracked |  0
| 583|0x00000000e4700000, 0x00000000e4700000, 0x00000000e4800000|  0%| F|  |TAMS 0x00000000e4700000| PB 0x00000000e4700000| Untracked |  0
| 584|0x00000000e4800000, 0x00000000e4800000, 0x00000000e4900000|  0%| F|  |TAMS 0x00000000e4800000| PB 0x00000000e4800000| Untracked |  0
| 585|0x00000000e4900000, 0x00000000e4900000, 0x00000000e4a00000|  0%| F|  |TAMS 0x00000000e4900000| PB 0x00000000e4900000| Untracked |  0
| 586|0x00000000e4a00000, 0x00000000e4a00000, 0x00000000e4b00000|  0%| F|  |TAMS 0x00000000e4a00000| PB 0x00000000e4a00000| Untracked |  0
| 587|0x00000000e4b00000, 0x00000000e4b00000, 0x00000000e4c00000|  0%| F|  |TAMS 0x00000000e4b00000| PB 0x00000000e4b00000| Untracked |  0
| 588|0x00000000e4c00000, 0x00000000e4c00000, 0x00000000e4d00000|  0%| F|  |TAMS 0x00000000e4c00000| PB 0x00000000e4c00000| Untracked |  0
| 589|0x00000000e4d00000, 0x00000000e4d00000, 0x00000000e4e00000|  0%| F|  |TAMS 0x00000000e4d00000| PB 0x00000000e4d00000| Untracked |  0
| 590|0x00000000e4e00000, 0x00000000e4e00000, 0x00000000e4f00000|  0%| F|  |TAMS 0x00000000e4e00000| PB 0x00000000e4e00000| Untracked |  0
| 591|0x00000000e4f00000, 0x00000000e4f00000, 0x00000000e5000000|  0%| F|  |TAMS 0x00000000e4f00000| PB 0x00000000e4f00000| Untracked |  0
| 592|0x00000000e5000000, 0x00000000e5000000, 0x00000000e5100000|  0%| F|  |TAMS 0x00000000e5000000| PB 0x00000000e5000000| Untracked |  0
| 593|0x00000000e5100000, 0x00000000e5100000, 0x00000000e5200000|  0%| F|  |TAMS 0x00000000e5100000| PB 0x00000000e5100000| Untracked |  0
| 594|0x00000000e5200000, 0x00000000e5200000, 0x00000000e5300000|  0%| F|  |TAMS 0x00000000e5200000| PB 0x00000000e5200000| Untracked |  0
| 595|0x00000000e5300000, 0x00000000e5300000, 0x00000000e5400000|  0%| F|  |TAMS 0x00000000e5300000| PB 0x00000000e5300000| Untracked |  0
| 596|0x00000000e5400000, 0x00000000e5400000, 0x00000000e5500000|  0%| F|  |TAMS 0x00000000e5400000| PB 0x00000000e5400000| Untracked |  0
| 597|0x00000000e5500000, 0x00000000e5500000, 0x00000000e5600000|  0%| F|  |TAMS 0x00000000e5500000| PB 0x00000000e5500000| Untracked |  0
| 598|0x00000000e5600000, 0x00000000e5600000, 0x00000000e5700000|  0%| F|  |TAMS 0x00000000e5600000| PB 0x00000000e5600000| Untracked |  0
| 599|0x00000000e5700000, 0x00000000e5700000, 0x00000000e5800000|  0%| F|  |TAMS 0x00000000e5700000| PB 0x00000000e5700000| Untracked |  0
| 600|0x00000000e5800000, 0x00000000e5800000, 0x00000000e5900000|  0%| F|  |TAMS 0x00000000e5800000| PB 0x00000000e5800000| Untracked |  0
| 601|0x00000000e5900000, 0x00000000e5900000, 0x00000000e5a00000|  0%| F|  |TAMS 0x00000000e5900000| PB 0x00000000e5900000| Untracked |  0
| 602|0x00000000e5a00000, 0x00000000e5a00000, 0x00000000e5b00000|  0%| F|  |TAMS 0x00000000e5a00000| PB 0x00000000e5a00000| Untracked |  0
| 603|0x00000000e5b00000, 0x00000000e5b00000, 0x00000000e5c00000|  0%| F|  |TAMS 0x00000000e5b00000| PB 0x00000000e5b00000| Untracked |  0
| 604|0x00000000e5c00000, 0x00000000e5c00000, 0x00000000e5d00000|  0%| F|  |TAMS 0x00000000e5c00000| PB 0x00000000e5c00000| Untracked |  0
| 605|0x00000000e5d00000, 0x00000000e5d00000, 0x00000000e5e00000|  0%| F|  |TAMS 0x00000000e5d00000| PB 0x00000000e5d00000| Untracked |  0
| 606|0x00000000e5e00000, 0x00000000e5e00000, 0x00000000e5f00000|  0%| F|  |TAMS 0x00000000e5e00000| PB 0x00000000e5e00000| Untracked |  0
| 607|0x00000000e5f00000, 0x00000000e5f00000, 0x00000000e6000000|  0%| F|  |TAMS 0x00000000e5f00000| PB 0x00000000e5f00000| Untracked |  0
| 608|0x00000000e6000000, 0x00000000e6000000, 0x00000000e6100000|  0%| F|  |TAMS 0x00000000e6000000| PB 0x00000000e6000000| Untracked |  0
| 609|0x00000000e6100000, 0x00000000e6100000, 0x00000000e6200000|  0%| F|  |TAMS 0x00000000e6100000| PB 0x00000000e6100000| Untracked |  0
| 610|0x00000000e6200000, 0x00000000e6200000, 0x00000000e6300000|  0%| F|  |TAMS 0x00000000e6200000| PB 0x00000000e6200000| Untracked |  0
| 611|0x00000000e6300000, 0x00000000e6300000, 0x00000000e6400000|  0%| F|  |TAMS 0x00000000e6300000| PB 0x00000000e6300000| Untracked |  0
| 612|0x00000000e6400000, 0x00000000e6400000, 0x00000000e6500000|  0%| F|  |TAMS 0x00000000e6400000| PB 0x00000000e6400000| Untracked |  0
| 613|0x00000000e6500000, 0x00000000e6500000, 0x00000000e6600000|  0%| F|  |TAMS 0x00000000e6500000| PB 0x00000000e6500000| Untracked |  0
| 614|0x00000000e6600000, 0x00000000e6600000, 0x00000000e6700000|  0%| F|  |TAMS 0x00000000e6600000| PB 0x00000000e6600000| Untracked |  0
| 615|0x00000000e6700000, 0x00000000e6700000, 0x00000000e6800000|  0%| F|  |TAMS 0x00000000e6700000| PB 0x00000000e6700000| Untracked |  0
| 616|0x00000000e6800000, 0x00000000e6800000, 0x00000000e6900000|  0%| F|  |TAMS 0x00000000e6800000| PB 0x00000000e6800000| Untracked |  0
| 617|0x00000000e6900000, 0x00000000e6900000, 0x00000000e6a00000|  0%| F|  |TAMS 0x00000000e6900000| PB 0x00000000e6900000| Untracked |  0
| 618|0x00000000e6a00000, 0x00000000e6a00000, 0x00000000e6b00000|  0%| F|  |TAMS 0x00000000e6a00000| PB 0x00000000e6a00000| Untracked |  0
| 619|0x00000000e6b00000, 0x00000000e6bed210, 0x00000000e6c00000| 92%| S|CS|TAMS 0x00000000e6b00000| PB 0x00000000e6b00000| Complete |  0
| 620|0x00000000e6c00000, 0x00000000e6d00000, 0x00000000e6d00000|100%| S|CS|TAMS 0x00000000e6c00000| PB 0x00000000e6c00000| Complete |  0
| 621|0x00000000e6d00000, 0x00000000e6e00000, 0x00000000e6e00000|100%| S|CS|TAMS 0x00000000e6d00000| PB 0x00000000e6d00000| Complete |  0
| 622|0x00000000e6e00000, 0x00000000e6f00000, 0x00000000e6f00000|100%| S|CS|TAMS 0x00000000e6e00000| PB 0x00000000e6e00000| Complete |  0
| 623|0x00000000e6f00000, 0x00000000e7000000, 0x00000000e7000000|100%| S|CS|TAMS 0x00000000e6f00000| PB 0x00000000e6f00000| Complete |  0
| 624|0x00000000e7000000, 0x00000000e7100000, 0x00000000e7100000|100%| S|CS|TAMS 0x00000000e7000000| PB 0x00000000e7000000| Complete |  0
| 625|0x00000000e7100000, 0x00000000e7200000, 0x00000000e7200000|100%| S|CS|TAMS 0x00000000e7100000| PB 0x00000000e7100000| Complete |  0
| 626|0x00000000e7200000, 0x00000000e7300000, 0x00000000e7300000|100%| S|CS|TAMS 0x00000000e7200000| PB 0x00000000e7200000| Complete |  0
| 627|0x00000000e7300000, 0x00000000e7400000, 0x00000000e7400000|100%| S|CS|TAMS 0x00000000e7300000| PB 0x00000000e7300000| Complete |  0
| 628|0x00000000e7400000, 0x00000000e7500000, 0x00000000e7500000|100%| S|CS|TAMS 0x00000000e7400000| PB 0x00000000e7400000| Complete |  0
| 629|0x00000000e7500000, 0x00000000e7600000, 0x00000000e7600000|100%| S|CS|TAMS 0x00000000e7500000| PB 0x00000000e7500000| Complete |  0
| 630|0x00000000e7600000, 0x00000000e7700000, 0x00000000e7700000|100%| S|CS|TAMS 0x00000000e7600000| PB 0x00000000e7600000| Complete |  0
| 631|0x00000000e7700000, 0x00000000e7800000, 0x00000000e7800000|100%| S|CS|TAMS 0x00000000e7700000| PB 0x00000000e7700000| Complete |  0
| 632|0x00000000e7800000, 0x00000000e7900000, 0x00000000e7900000|100%| S|CS|TAMS 0x00000000e7800000| PB 0x00000000e7800000| Complete |  0
| 633|0x00000000e7900000, 0x00000000e7a00000, 0x00000000e7a00000|100%| S|CS|TAMS 0x00000000e7900000| PB 0x00000000e7900000| Complete |  0
| 634|0x00000000e7a00000, 0x00000000e7b00000, 0x00000000e7b00000|100%| S|CS|TAMS 0x00000000e7a00000| PB 0x00000000e7a00000| Complete |  0
| 635|0x00000000e7b00000, 0x00000000e7c00000, 0x00000000e7c00000|100%| S|CS|TAMS 0x00000000e7b00000| PB 0x00000000e7b00000| Complete |  0
| 636|0x00000000e7c00000, 0x00000000e7d00000, 0x00000000e7d00000|100%| S|CS|TAMS 0x00000000e7c00000| PB 0x00000000e7c00000| Complete |  0
| 637|0x00000000e7d00000, 0x00000000e7e00000, 0x00000000e7e00000|100%| S|CS|TAMS 0x00000000e7d00000| PB 0x00000000e7d00000| Complete |  0
| 638|0x00000000e7e00000, 0x00000000e7f00000, 0x00000000e7f00000|100%| S|CS|TAMS 0x00000000e7e00000| PB 0x00000000e7e00000| Complete |  0
| 639|0x00000000e7f00000, 0x00000000e8000000, 0x00000000e8000000|100%| S|CS|TAMS 0x00000000e7f00000| PB 0x00000000e7f00000| Complete |  0
| 640|0x00000000e8000000, 0x00000000e8100000, 0x00000000e8100000|100%| S|CS|TAMS 0x00000000e8000000| PB 0x00000000e8000000| Complete |  0
| 641|0x00000000e8100000, 0x00000000e8100000, 0x00000000e8200000|  0%| F|  |TAMS 0x00000000e8100000| PB 0x00000000e8100000| Untracked |  0
| 642|0x00000000e8200000, 0x00000000e8200000, 0x00000000e8300000|  0%| F|  |TAMS 0x00000000e8200000| PB 0x00000000e8200000| Untracked |  0
| 643|0x00000000e8300000, 0x00000000e8300000, 0x00000000e8400000|  0%| F|  |TAMS 0x00000000e8300000| PB 0x00000000e8300000| Untracked |  0
| 644|0x00000000e8400000, 0x00000000e8400000, 0x00000000e8500000|  0%| F|  |TAMS 0x00000000e8400000| PB 0x00000000e8400000| Untracked |  0
| 645|0x00000000e8500000, 0x00000000e8500000, 0x00000000e8600000|  0%| F|  |TAMS 0x00000000e8500000| PB 0x00000000e8500000| Untracked |  0
| 646|0x00000000e8600000, 0x00000000e8600000, 0x00000000e8700000|  0%| F|  |TAMS 0x00000000e8600000| PB 0x00000000e8600000| Untracked |  0
| 647|0x00000000e8700000, 0x00000000e8700000, 0x00000000e8800000|  0%| F|  |TAMS 0x00000000e8700000| PB 0x00000000e8700000| Untracked |  0
| 648|0x00000000e8800000, 0x00000000e8800000, 0x00000000e8900000|  0%| F|  |TAMS 0x00000000e8800000| PB 0x00000000e8800000| Untracked |  0
| 649|0x00000000e8900000, 0x00000000e8900000, 0x00000000e8a00000|  0%| F|  |TAMS 0x00000000e8900000| PB 0x00000000e8900000| Untracked |  0
| 650|0x00000000e8a00000, 0x00000000e8a00000, 0x00000000e8b00000|  0%| F|  |TAMS 0x00000000e8a00000| PB 0x00000000e8a00000| Untracked |  0
| 651|0x00000000e8b00000, 0x00000000e8b00000, 0x00000000e8c00000|  0%| F|  |TAMS 0x00000000e8b00000| PB 0x00000000e8b00000| Untracked |  0
| 652|0x00000000e8c00000, 0x00000000e8c00000, 0x00000000e8d00000|  0%| F|  |TAMS 0x00000000e8c00000| PB 0x00000000e8c00000| Untracked |  0
| 653|0x00000000e8d00000, 0x00000000e8d00000, 0x00000000e8e00000|  0%| F|  |TAMS 0x00000000e8d00000| PB 0x00000000e8d00000| Untracked |  0
| 654|0x00000000e8e00000, 0x00000000e8e00000, 0x00000000e8f00000|  0%| F|  |TAMS 0x00000000e8e00000| PB 0x00000000e8e00000| Untracked |  0
| 655|0x00000000e8f00000, 0x00000000e8f00000, 0x00000000e9000000|  0%| F|  |TAMS 0x00000000e8f00000| PB 0x00000000e8f00000| Untracked |  0
| 656|0x00000000e9000000, 0x00000000e9000000, 0x00000000e9100000|  0%| F|  |TAMS 0x00000000e9000000| PB 0x00000000e9000000| Untracked |  0
| 657|0x00000000e9100000, 0x00000000e9100000, 0x00000000e9200000|  0%| F|  |TAMS 0x00000000e9100000| PB 0x00000000e9100000| Untracked |  0
| 658|0x00000000e9200000, 0x00000000e9200000, 0x00000000e9300000|  0%| F|  |TAMS 0x00000000e9200000| PB 0x00000000e9200000| Untracked |  0
| 659|0x00000000e9300000, 0x00000000e9300000, 0x00000000e9400000|  0%| F|  |TAMS 0x00000000e9300000| PB 0x00000000e9300000| Untracked |  0
| 660|0x00000000e9400000, 0x00000000e9400000, 0x00000000e9500000|  0%| F|  |TAMS 0x00000000e9400000| PB 0x00000000e9400000| Untracked |  0
| 661|0x00000000e9500000, 0x00000000e9500000, 0x00000000e9600000|  0%| F|  |TAMS 0x00000000e9500000| PB 0x00000000e9500000| Untracked |  0
| 662|0x00000000e9600000, 0x00000000e9622d58, 0x00000000e9700000| 13%| E|  |TAMS 0x00000000e9600000| PB 0x00000000e9600000| Complete |  0
| 663|0x00000000e9700000, 0x00000000e9800000, 0x00000000e9800000|100%| E|CS|TAMS 0x00000000e9700000| PB 0x00000000e9700000| Complete |  0
| 664|0x00000000e9800000, 0x00000000e9900000, 0x00000000e9900000|100%| E|CS|TAMS 0x00000000e9800000| PB 0x00000000e9800000| Complete |  0
| 665|0x00000000e9900000, 0x00000000e9a00000, 0x00000000e9a00000|100%| E|CS|TAMS 0x00000000e9900000| PB 0x00000000e9900000| Complete |  0
| 666|0x00000000e9a00000, 0x00000000e9b00000, 0x00000000e9b00000|100%| E|CS|TAMS 0x00000000e9a00000| PB 0x00000000e9a00000| Complete |  0
| 667|0x00000000e9b00000, 0x00000000e9c00000, 0x00000000e9c00000|100%| E|CS|TAMS 0x00000000e9b00000| PB 0x00000000e9b00000| Complete |  0
| 668|0x00000000e9c00000, 0x00000000e9d00000, 0x00000000e9d00000|100%| E|CS|TAMS 0x00000000e9c00000| PB 0x00000000e9c00000| Complete |  0
| 669|0x00000000e9d00000, 0x00000000e9e00000, 0x00000000e9e00000|100%| E|CS|TAMS 0x00000000e9d00000| PB 0x00000000e9d00000| Complete |  0
| 670|0x00000000e9e00000, 0x00000000e9f00000, 0x00000000e9f00000|100%| E|CS|TAMS 0x00000000e9e00000| PB 0x00000000e9e00000| Complete |  0
| 671|0x00000000e9f00000, 0x00000000ea000000, 0x00000000ea000000|100%| E|CS|TAMS 0x00000000e9f00000| PB 0x00000000e9f00000| Complete |  0
| 672|0x00000000ea000000, 0x00000000ea100000, 0x00000000ea100000|100%| E|CS|TAMS 0x00000000ea000000| PB 0x00000000ea000000| Complete |  0
| 673|0x00000000ea100000, 0x00000000ea200000, 0x00000000ea200000|100%| E|CS|TAMS 0x00000000ea100000| PB 0x00000000ea100000| Complete |  0
| 674|0x00000000ea200000, 0x00000000ea300000, 0x00000000ea300000|100%| E|CS|TAMS 0x00000000ea200000| PB 0x00000000ea200000| Complete |  0
| 675|0x00000000ea300000, 0x00000000ea400000, 0x00000000ea400000|100%| E|CS|TAMS 0x00000000ea300000| PB 0x00000000ea300000| Complete |  0
| 676|0x00000000ea400000, 0x00000000ea500000, 0x00000000ea500000|100%| E|CS|TAMS 0x00000000ea400000| PB 0x00000000ea400000| Complete |  0
| 677|0x00000000ea500000, 0x00000000ea600000, 0x00000000ea600000|100%| E|CS|TAMS 0x00000000ea500000| PB 0x00000000ea500000| Complete |  0
| 678|0x00000000ea600000, 0x00000000ea700000, 0x00000000ea700000|100%| E|CS|TAMS 0x00000000ea600000| PB 0x00000000ea600000| Complete |  0
| 679|0x00000000ea700000, 0x00000000ea800000, 0x00000000ea800000|100%| E|CS|TAMS 0x00000000ea700000| PB 0x00000000ea700000| Complete |  0
| 680|0x00000000ea800000, 0x00000000ea900000, 0x00000000ea900000|100%| E|CS|TAMS 0x00000000ea800000| PB 0x00000000ea800000| Complete |  0
| 681|0x00000000ea900000, 0x00000000eaa00000, 0x00000000eaa00000|100%| E|CS|TAMS 0x00000000ea900000| PB 0x00000000ea900000| Complete |  0
| 682|0x00000000eaa00000, 0x00000000eab00000, 0x00000000eab00000|100%| E|CS|TAMS 0x00000000eaa00000| PB 0x00000000eaa00000| Complete |  0
| 683|0x00000000eab00000, 0x00000000eac00000, 0x00000000eac00000|100%| E|CS|TAMS 0x00000000eab00000| PB 0x00000000eab00000| Complete |  0
| 684|0x00000000eac00000, 0x00000000ead00000, 0x00000000ead00000|100%| E|CS|TAMS 0x00000000eac00000| PB 0x00000000eac00000| Complete |  0
| 685|0x00000000ead00000, 0x00000000eae00000, 0x00000000eae00000|100%| E|CS|TAMS 0x00000000ead00000| PB 0x00000000ead00000| Complete |  0
| 686|0x00000000eae00000, 0x00000000eaf00000, 0x00000000eaf00000|100%| E|CS|TAMS 0x00000000eae00000| PB 0x00000000eae00000| Complete |  0
| 687|0x00000000eaf00000, 0x00000000eb000000, 0x00000000eb000000|100%| E|CS|TAMS 0x00000000eaf00000| PB 0x00000000eaf00000| Complete |  0
| 688|0x00000000eb000000, 0x00000000eb100000, 0x00000000eb100000|100%| E|CS|TAMS 0x00000000eb000000| PB 0x00000000eb000000| Complete |  0
| 689|0x00000000eb100000, 0x00000000eb200000, 0x00000000eb200000|100%| E|CS|TAMS 0x00000000eb100000| PB 0x00000000eb100000| Complete |  0
| 690|0x00000000eb200000, 0x00000000eb300000, 0x00000000eb300000|100%| E|CS|TAMS 0x00000000eb200000| PB 0x00000000eb200000| Complete |  0
| 691|0x00000000eb300000, 0x00000000eb400000, 0x00000000eb400000|100%| E|CS|TAMS 0x00000000eb300000| PB 0x00000000eb300000| Complete |  0
| 692|0x00000000eb400000, 0x00000000eb500000, 0x00000000eb500000|100%| E|CS|TAMS 0x00000000eb400000| PB 0x00000000eb400000| Complete |  0
| 693|0x00000000eb500000, 0x00000000eb600000, 0x00000000eb600000|100%| E|CS|TAMS 0x00000000eb500000| PB 0x00000000eb500000| Complete |  0
| 694|0x00000000eb600000, 0x00000000eb700000, 0x00000000eb700000|100%| E|CS|TAMS 0x00000000eb600000| PB 0x00000000eb600000| Complete |  0
| 695|0x00000000eb700000, 0x00000000eb800000, 0x00000000eb800000|100%| E|CS|TAMS 0x00000000eb700000| PB 0x00000000eb700000| Complete |  0
| 696|0x00000000eb800000, 0x00000000eb900000, 0x00000000eb900000|100%| E|CS|TAMS 0x00000000eb800000| PB 0x00000000eb800000| Complete |  0
| 697|0x00000000eb900000, 0x00000000eba00000, 0x00000000eba00000|100%| E|CS|TAMS 0x00000000eb900000| PB 0x00000000eb900000| Complete |  0
| 698|0x00000000eba00000, 0x00000000ebb00000, 0x00000000ebb00000|100%| E|CS|TAMS 0x00000000eba00000| PB 0x00000000eba00000| Complete |  0
| 699|0x00000000ebb00000, 0x00000000ebc00000, 0x00000000ebc00000|100%| E|CS|TAMS 0x00000000ebb00000| PB 0x00000000ebb00000| Complete |  0
| 700|0x00000000ebc00000, 0x00000000ebd00000, 0x00000000ebd00000|100%| E|CS|TAMS 0x00000000ebc00000| PB 0x00000000ebc00000| Complete |  0
| 701|0x00000000ebd00000, 0x00000000ebe00000, 0x00000000ebe00000|100%| E|CS|TAMS 0x00000000ebd00000| PB 0x00000000ebd00000| Complete |  0
| 702|0x00000000ebe00000, 0x00000000ebf00000, 0x00000000ebf00000|100%| E|CS|TAMS 0x00000000ebe00000| PB 0x00000000ebe00000| Complete |  0
| 703|0x00000000ebf00000, 0x00000000ec000000, 0x00000000ec000000|100%| E|CS|TAMS 0x00000000ebf00000| PB 0x00000000ebf00000| Complete |  0
| 704|0x00000000ec000000, 0x00000000ec100000, 0x00000000ec100000|100%| E|CS|TAMS 0x00000000ec000000| PB 0x00000000ec000000| Complete |  0
| 705|0x00000000ec100000, 0x00000000ec200000, 0x00000000ec200000|100%| E|CS|TAMS 0x00000000ec100000| PB 0x00000000ec100000| Complete |  0
| 706|0x00000000ec200000, 0x00000000ec300000, 0x00000000ec300000|100%| E|CS|TAMS 0x00000000ec200000| PB 0x00000000ec200000| Complete |  0
| 707|0x00000000ec300000, 0x00000000ec400000, 0x00000000ec400000|100%| E|CS|TAMS 0x00000000ec300000| PB 0x00000000ec300000| Complete |  0
| 708|0x00000000ec400000, 0x00000000ec500000, 0x00000000ec500000|100%| E|CS|TAMS 0x00000000ec400000| PB 0x00000000ec400000| Complete |  0
| 709|0x00000000ec500000, 0x00000000ec600000, 0x00000000ec600000|100%| E|CS|TAMS 0x00000000ec500000| PB 0x00000000ec500000| Complete |  0
| 710|0x00000000ec600000, 0x00000000ec700000, 0x00000000ec700000|100%| E|CS|TAMS 0x00000000ec600000| PB 0x00000000ec600000| Complete |  0
| 711|0x00000000ec700000, 0x00000000ec800000, 0x00000000ec800000|100%| E|CS|TAMS 0x00000000ec700000| PB 0x00000000ec700000| Complete |  0
| 712|0x00000000ec800000, 0x00000000ec900000, 0x00000000ec900000|100%| E|CS|TAMS 0x00000000ec800000| PB 0x00000000ec800000| Complete |  0
| 713|0x00000000ec900000, 0x00000000eca00000, 0x00000000eca00000|100%| E|CS|TAMS 0x00000000ec900000| PB 0x00000000ec900000| Complete |  0
| 714|0x00000000eca00000, 0x00000000ecb00000, 0x00000000ecb00000|100%| E|CS|TAMS 0x00000000eca00000| PB 0x00000000eca00000| Complete |  0
| 715|0x00000000ecb00000, 0x00000000ecc00000, 0x00000000ecc00000|100%| E|  |TAMS 0x00000000ecb00000| PB 0x00000000ecb00000| Complete |  0
| 716|0x00000000ecc00000, 0x00000000ecd00000, 0x00000000ecd00000|100%| E|CS|TAMS 0x00000000ecc00000| PB 0x00000000ecc00000| Complete |  0
| 717|0x00000000ecd00000, 0x00000000ece00000, 0x00000000ece00000|100%| E|CS|TAMS 0x00000000ecd00000| PB 0x00000000ecd00000| Complete |  0
| 718|0x00000000ece00000, 0x00000000ecf00000, 0x00000000ecf00000|100%| E|CS|TAMS 0x00000000ece00000| PB 0x00000000ece00000| Complete |  0
| 719|0x00000000ecf00000, 0x00000000ed000000, 0x00000000ed000000|100%| E|CS|TAMS 0x00000000ecf00000| PB 0x00000000ecf00000| Complete |  0
| 720|0x00000000ed000000, 0x00000000ed100000, 0x00000000ed100000|100%| E|CS|TAMS 0x00000000ed000000| PB 0x00000000ed000000| Complete |  0
| 721|0x00000000ed100000, 0x00000000ed200000, 0x00000000ed200000|100%| E|CS|TAMS 0x00000000ed100000| PB 0x00000000ed100000| Complete |  0
| 722|0x00000000ed200000, 0x00000000ed300000, 0x00000000ed300000|100%| E|CS|TAMS 0x00000000ed200000| PB 0x00000000ed200000| Complete |  0
| 723|0x00000000ed300000, 0x00000000ed400000, 0x00000000ed400000|100%| E|CS|TAMS 0x00000000ed300000| PB 0x00000000ed300000| Complete |  0
| 724|0x00000000ed400000, 0x00000000ed500000, 0x00000000ed500000|100%| E|CS|TAMS 0x00000000ed400000| PB 0x00000000ed400000| Complete |  0
| 725|0x00000000ed500000, 0x00000000ed600000, 0x00000000ed600000|100%| E|CS|TAMS 0x00000000ed500000| PB 0x00000000ed500000| Complete |  0
| 726|0x00000000ed600000, 0x00000000ed700000, 0x00000000ed700000|100%| E|CS|TAMS 0x00000000ed600000| PB 0x00000000ed600000| Complete |  0
| 727|0x00000000ed700000, 0x00000000ed800000, 0x00000000ed800000|100%| E|CS|TAMS 0x00000000ed700000| PB 0x00000000ed700000| Complete |  0
| 728|0x00000000ed800000, 0x00000000ed900000, 0x00000000ed900000|100%| E|CS|TAMS 0x00000000ed800000| PB 0x00000000ed800000| Complete |  0
| 729|0x00000000ed900000, 0x00000000eda00000, 0x00000000eda00000|100%| E|CS|TAMS 0x00000000ed900000| PB 0x00000000ed900000| Complete |  0
| 730|0x00000000eda00000, 0x00000000edb00000, 0x00000000edb00000|100%| E|CS|TAMS 0x00000000eda00000| PB 0x00000000eda00000| Complete |  0
| 731|0x00000000edb00000, 0x00000000edc00000, 0x00000000edc00000|100%| E|CS|TAMS 0x00000000edb00000| PB 0x00000000edb00000| Complete |  0
| 732|0x00000000edc00000, 0x00000000edd00000, 0x00000000edd00000|100%| E|CS|TAMS 0x00000000edc00000| PB 0x00000000edc00000| Complete |  0
| 733|0x00000000edd00000, 0x00000000ede00000, 0x00000000ede00000|100%| E|CS|TAMS 0x00000000edd00000| PB 0x00000000edd00000| Complete |  0
| 734|0x00000000ede00000, 0x00000000edf00000, 0x00000000edf00000|100%| E|CS|TAMS 0x00000000ede00000| PB 0x00000000ede00000| Complete |  0
| 735|0x00000000edf00000, 0x00000000ee000000, 0x00000000ee000000|100%| E|CS|TAMS 0x00000000edf00000| PB 0x00000000edf00000| Complete |  0
| 736|0x00000000ee000000, 0x00000000ee100000, 0x00000000ee100000|100%| E|CS|TAMS 0x00000000ee000000| PB 0x00000000ee000000| Complete |  0
| 737|0x00000000ee100000, 0x00000000ee200000, 0x00000000ee200000|100%| E|CS|TAMS 0x00000000ee100000| PB 0x00000000ee100000| Complete |  0
| 738|0x00000000ee200000, 0x00000000ee300000, 0x00000000ee300000|100%| E|CS|TAMS 0x00000000ee200000| PB 0x00000000ee200000| Complete |  0
| 739|0x00000000ee300000, 0x00000000ee400000, 0x00000000ee400000|100%| E|CS|TAMS 0x00000000ee300000| PB 0x00000000ee300000| Complete |  0
| 740|0x00000000ee400000, 0x00000000ee500000, 0x00000000ee500000|100%| E|CS|TAMS 0x00000000ee400000| PB 0x00000000ee400000| Complete |  0
| 741|0x00000000ee500000, 0x00000000ee600000, 0x00000000ee600000|100%| E|CS|TAMS 0x00000000ee500000| PB 0x00000000ee500000| Complete |  0
| 742|0x00000000ee600000, 0x00000000ee700000, 0x00000000ee700000|100%| E|CS|TAMS 0x00000000ee600000| PB 0x00000000ee600000| Complete |  0
| 743|0x00000000ee700000, 0x00000000ee800000, 0x00000000ee800000|100%| E|CS|TAMS 0x00000000ee700000| PB 0x00000000ee700000| Complete |  0
| 744|0x00000000ee800000, 0x00000000ee900000, 0x00000000ee900000|100%| E|CS|TAMS 0x00000000ee800000| PB 0x00000000ee800000| Complete |  0
| 745|0x00000000ee900000, 0x00000000eea00000, 0x00000000eea00000|100%| E|CS|TAMS 0x00000000ee900000| PB 0x00000000ee900000| Complete |  0
| 746|0x00000000eea00000, 0x00000000eeb00000, 0x00000000eeb00000|100%| E|CS|TAMS 0x00000000eea00000| PB 0x00000000eea00000| Complete |  0
| 747|0x00000000eeb00000, 0x00000000eec00000, 0x00000000eec00000|100%| E|CS|TAMS 0x00000000eeb00000| PB 0x00000000eeb00000| Complete |  0
| 748|0x00000000eec00000, 0x00000000eed00000, 0x00000000eed00000|100%| E|CS|TAMS 0x00000000eec00000| PB 0x00000000eec00000| Complete |  0
| 749|0x00000000eed00000, 0x00000000eee00000, 0x00000000eee00000|100%| E|CS|TAMS 0x00000000eed00000| PB 0x00000000eed00000| Complete |  0
| 750|0x00000000eee00000, 0x00000000eef00000, 0x00000000eef00000|100%| E|CS|TAMS 0x00000000eee00000| PB 0x00000000eee00000| Complete |  0
| 751|0x00000000eef00000, 0x00000000ef000000, 0x00000000ef000000|100%| E|CS|TAMS 0x00000000eef00000| PB 0x00000000eef00000| Complete |  0
| 752|0x00000000ef000000, 0x00000000ef100000, 0x00000000ef100000|100%| E|CS|TAMS 0x00000000ef000000| PB 0x00000000ef000000| Complete |  0
| 753|0x00000000ef100000, 0x00000000ef200000, 0x00000000ef200000|100%| E|CS|TAMS 0x00000000ef100000| PB 0x00000000ef100000| Complete |  0
| 754|0x00000000ef200000, 0x00000000ef300000, 0x00000000ef300000|100%| E|CS|TAMS 0x00000000ef200000| PB 0x00000000ef200000| Complete |  0
| 755|0x00000000ef300000, 0x00000000ef400000, 0x00000000ef400000|100%| E|CS|TAMS 0x00000000ef300000| PB 0x00000000ef300000| Complete |  0
| 756|0x00000000ef400000, 0x00000000ef500000, 0x00000000ef500000|100%| E|CS|TAMS 0x00000000ef400000| PB 0x00000000ef400000| Complete |  0
| 757|0x00000000ef500000, 0x00000000ef600000, 0x00000000ef600000|100%| E|CS|TAMS 0x00000000ef500000| PB 0x00000000ef500000| Complete |  0
| 758|0x00000000ef600000, 0x00000000ef700000, 0x00000000ef700000|100%| E|CS|TAMS 0x00000000ef600000| PB 0x00000000ef600000| Complete |  0
| 759|0x00000000ef700000, 0x00000000ef800000, 0x00000000ef800000|100%| E|CS|TAMS 0x00000000ef700000| PB 0x00000000ef700000| Complete |  0
| 760|0x00000000ef800000, 0x00000000ef900000, 0x00000000ef900000|100%| E|CS|TAMS 0x00000000ef800000| PB 0x00000000ef800000| Complete |  0
| 761|0x00000000ef900000, 0x00000000efa00000, 0x00000000efa00000|100%| E|CS|TAMS 0x00000000ef900000| PB 0x00000000ef900000| Complete |  0
| 762|0x00000000efa00000, 0x00000000efb00000, 0x00000000efb00000|100%| E|CS|TAMS 0x00000000efa00000| PB 0x00000000efa00000| Complete |  0
| 763|0x00000000efb00000, 0x00000000efc00000, 0x00000000efc00000|100%| E|CS|TAMS 0x00000000efb00000| PB 0x00000000efb00000| Complete |  0
| 764|0x00000000efc00000, 0x00000000efd00000, 0x00000000efd00000|100%| E|CS|TAMS 0x00000000efc00000| PB 0x00000000efc00000| Complete |  0
| 765|0x00000000efd00000, 0x00000000efe00000, 0x00000000efe00000|100%| E|CS|TAMS 0x00000000efd00000| PB 0x00000000efd00000| Complete |  0
| 766|0x00000000efe00000, 0x00000000eff00000, 0x00000000eff00000|100%| E|CS|TAMS 0x00000000efe00000| PB 0x00000000efe00000| Complete |  0
| 767|0x00000000eff00000, 0x00000000f0000000, 0x00000000f0000000|100%| E|CS|TAMS 0x00000000eff00000| PB 0x00000000eff00000| Complete |  0
| 768|0x00000000f0000000, 0x00000000f0100000, 0x00000000f0100000|100%| E|CS|TAMS 0x00000000f0000000| PB 0x00000000f0000000| Complete |  0
| 769|0x00000000f0100000, 0x00000000f0200000, 0x00000000f0200000|100%| E|CS|TAMS 0x00000000f0100000| PB 0x00000000f0100000| Complete |  0
| 770|0x00000000f0200000, 0x00000000f0300000, 0x00000000f0300000|100%| E|CS|TAMS 0x00000000f0200000| PB 0x00000000f0200000| Complete |  0
| 771|0x00000000f0300000, 0x00000000f0400000, 0x00000000f0400000|100%| E|CS|TAMS 0x00000000f0300000| PB 0x00000000f0300000| Complete |  0
| 772|0x00000000f0400000, 0x00000000f0500000, 0x00000000f0500000|100%| E|CS|TAMS 0x00000000f0400000| PB 0x00000000f0400000| Complete |  0
| 773|0x00000000f0500000, 0x00000000f0600000, 0x00000000f0600000|100%| E|CS|TAMS 0x00000000f0500000| PB 0x00000000f0500000| Complete |  0
| 774|0x00000000f0600000, 0x00000000f0700000, 0x00000000f0700000|100%| E|CS|TAMS 0x00000000f0600000| PB 0x00000000f0600000| Complete |  0
| 775|0x00000000f0700000, 0x00000000f0800000, 0x00000000f0800000|100%| E|CS|TAMS 0x00000000f0700000| PB 0x00000000f0700000| Complete |  0
| 776|0x00000000f0800000, 0x00000000f0900000, 0x00000000f0900000|100%| E|CS|TAMS 0x00000000f0800000| PB 0x00000000f0800000| Complete |  0
| 777|0x00000000f0900000, 0x00000000f0a00000, 0x00000000f0a00000|100%| E|CS|TAMS 0x00000000f0900000| PB 0x00000000f0900000| Complete |  0
| 778|0x00000000f0a00000, 0x00000000f0b00000, 0x00000000f0b00000|100%| E|CS|TAMS 0x00000000f0a00000| PB 0x00000000f0a00000| Complete |  0
| 779|0x00000000f0b00000, 0x00000000f0c00000, 0x00000000f0c00000|100%| E|CS|TAMS 0x00000000f0b00000| PB 0x00000000f0b00000| Complete |  0
| 780|0x00000000f0c00000, 0x00000000f0d00000, 0x00000000f0d00000|100%| E|CS|TAMS 0x00000000f0c00000| PB 0x00000000f0c00000| Complete |  0
| 781|0x00000000f0d00000, 0x00000000f0e00000, 0x00000000f0e00000|100%| E|CS|TAMS 0x00000000f0d00000| PB 0x00000000f0d00000| Complete |  0
| 782|0x00000000f0e00000, 0x00000000f0f00000, 0x00000000f0f00000|100%| E|CS|TAMS 0x00000000f0e00000| PB 0x00000000f0e00000| Complete |  0
| 783|0x00000000f0f00000, 0x00000000f1000000, 0x00000000f1000000|100%| E|CS|TAMS 0x00000000f0f00000| PB 0x00000000f0f00000| Complete |  0
| 784|0x00000000f1000000, 0x00000000f1100000, 0x00000000f1100000|100%| E|CS|TAMS 0x00000000f1000000| PB 0x00000000f1000000| Complete |  0
| 785|0x00000000f1100000, 0x00000000f1200000, 0x00000000f1200000|100%| E|CS|TAMS 0x00000000f1100000| PB 0x00000000f1100000| Complete |  0
| 786|0x00000000f1200000, 0x00000000f1300000, 0x00000000f1300000|100%| E|CS|TAMS 0x00000000f1200000| PB 0x00000000f1200000| Complete |  0
| 787|0x00000000f1300000, 0x00000000f1400000, 0x00000000f1400000|100%| E|CS|TAMS 0x00000000f1300000| PB 0x00000000f1300000| Complete |  0
| 788|0x00000000f1400000, 0x00000000f1500000, 0x00000000f1500000|100%| E|CS|TAMS 0x00000000f1400000| PB 0x00000000f1400000| Complete |  0
| 789|0x00000000f1500000, 0x00000000f1600000, 0x00000000f1600000|100%| E|CS|TAMS 0x00000000f1500000| PB 0x00000000f1500000| Complete |  0
| 790|0x00000000f1600000, 0x00000000f1700000, 0x00000000f1700000|100%| E|CS|TAMS 0x00000000f1600000| PB 0x00000000f1600000| Complete |  0
| 791|0x00000000f1700000, 0x00000000f1800000, 0x00000000f1800000|100%| E|CS|TAMS 0x00000000f1700000| PB 0x00000000f1700000| Complete |  0
| 792|0x00000000f1800000, 0x00000000f1900000, 0x00000000f1900000|100%| E|CS|TAMS 0x00000000f1800000| PB 0x00000000f1800000| Complete |  0
| 793|0x00000000f1900000, 0x00000000f1a00000, 0x00000000f1a00000|100%| E|CS|TAMS 0x00000000f1900000| PB 0x00000000f1900000| Complete |  0
| 794|0x00000000f1a00000, 0x00000000f1b00000, 0x00000000f1b00000|100%| E|CS|TAMS 0x00000000f1a00000| PB 0x00000000f1a00000| Complete |  0
| 795|0x00000000f1b00000, 0x00000000f1c00000, 0x00000000f1c00000|100%| E|CS|TAMS 0x00000000f1b00000| PB 0x00000000f1b00000| Complete |  0
| 796|0x00000000f1c00000, 0x00000000f1d00000, 0x00000000f1d00000|100%| E|CS|TAMS 0x00000000f1c00000| PB 0x00000000f1c00000| Complete |  0
| 797|0x00000000f1d00000, 0x00000000f1e00000, 0x00000000f1e00000|100%| E|CS|TAMS 0x00000000f1d00000| PB 0x00000000f1d00000| Complete |  0
| 798|0x00000000f1e00000, 0x00000000f1f00000, 0x00000000f1f00000|100%| E|CS|TAMS 0x00000000f1e00000| PB 0x00000000f1e00000| Complete |  0
| 799|0x00000000f1f00000, 0x00000000f2000000, 0x00000000f2000000|100%| E|CS|TAMS 0x00000000f1f00000| PB 0x00000000f1f00000| Complete |  0
| 800|0x00000000f2000000, 0x00000000f2100000, 0x00000000f2100000|100%| E|CS|TAMS 0x00000000f2000000| PB 0x00000000f2000000| Complete |  0
| 801|0x00000000f2100000, 0x00000000f2200000, 0x00000000f2200000|100%| E|CS|TAMS 0x00000000f2100000| PB 0x00000000f2100000| Complete |  0
| 802|0x00000000f2200000, 0x00000000f2300000, 0x00000000f2300000|100%| E|CS|TAMS 0x00000000f2200000| PB 0x00000000f2200000| Complete |  0
| 803|0x00000000f2300000, 0x00000000f2400000, 0x00000000f2400000|100%| E|CS|TAMS 0x00000000f2300000| PB 0x00000000f2300000| Complete |  0
| 804|0x00000000f2400000, 0x00000000f2500000, 0x00000000f2500000|100%| E|CS|TAMS 0x00000000f2400000| PB 0x00000000f2400000| Complete |  0
| 805|0x00000000f2500000, 0x00000000f2600000, 0x00000000f2600000|100%| E|CS|TAMS 0x00000000f2500000| PB 0x00000000f2500000| Complete |  0
| 806|0x00000000f2600000, 0x00000000f2700000, 0x00000000f2700000|100%| E|CS|TAMS 0x00000000f2600000| PB 0x00000000f2600000| Complete |  0
| 807|0x00000000f2700000, 0x00000000f2800000, 0x00000000f2800000|100%| E|CS|TAMS 0x00000000f2700000| PB 0x00000000f2700000| Complete |  0
| 808|0x00000000f2800000, 0x00000000f2900000, 0x00000000f2900000|100%| E|CS|TAMS 0x00000000f2800000| PB 0x00000000f2800000| Complete |  0
| 809|0x00000000f2900000, 0x00000000f2a00000, 0x00000000f2a00000|100%| E|CS|TAMS 0x00000000f2900000| PB 0x00000000f2900000| Complete |  0
| 810|0x00000000f2a00000, 0x00000000f2b00000, 0x00000000f2b00000|100%| E|CS|TAMS 0x00000000f2a00000| PB 0x00000000f2a00000| Complete |  0
| 811|0x00000000f2b00000, 0x00000000f2c00000, 0x00000000f2c00000|100%| E|CS|TAMS 0x00000000f2b00000| PB 0x00000000f2b00000| Complete |  0
| 812|0x00000000f2c00000, 0x00000000f2d00000, 0x00000000f2d00000|100%| E|CS|TAMS 0x00000000f2c00000| PB 0x00000000f2c00000| Complete |  0
| 813|0x00000000f2d00000, 0x00000000f2e00000, 0x00000000f2e00000|100%| E|CS|TAMS 0x00000000f2d00000| PB 0x00000000f2d00000| Complete |  0
| 814|0x00000000f2e00000, 0x00000000f2f00000, 0x00000000f2f00000|100%| E|CS|TAMS 0x00000000f2e00000| PB 0x00000000f2e00000| Complete |  0
| 815|0x00000000f2f00000, 0x00000000f3000000, 0x00000000f3000000|100%| E|CS|TAMS 0x00000000f2f00000| PB 0x00000000f2f00000| Complete |  0
| 816|0x00000000f3000000, 0x00000000f3100000, 0x00000000f3100000|100%| E|CS|TAMS 0x00000000f3000000| PB 0x00000000f3000000| Complete |  0
| 817|0x00000000f3100000, 0x00000000f3200000, 0x00000000f3200000|100%| E|CS|TAMS 0x00000000f3100000| PB 0x00000000f3100000| Complete |  0
| 818|0x00000000f3200000, 0x00000000f3300000, 0x00000000f3300000|100%| E|CS|TAMS 0x00000000f3200000| PB 0x00000000f3200000| Complete |  0
| 819|0x00000000f3300000, 0x00000000f3400000, 0x00000000f3400000|100%| E|CS|TAMS 0x00000000f3300000| PB 0x00000000f3300000| Complete |  0
| 820|0x00000000f3400000, 0x00000000f3500000, 0x00000000f3500000|100%| E|CS|TAMS 0x00000000f3400000| PB 0x00000000f3400000| Complete |  0
| 821|0x00000000f3500000, 0x00000000f3600000, 0x00000000f3600000|100%| E|CS|TAMS 0x00000000f3500000| PB 0x00000000f3500000| Complete |  0
| 822|0x00000000f3600000, 0x00000000f3700000, 0x00000000f3700000|100%| E|CS|TAMS 0x00000000f3600000| PB 0x00000000f3600000| Complete |  0
| 823|0x00000000f3700000, 0x00000000f3800000, 0x00000000f3800000|100%| E|CS|TAMS 0x00000000f3700000| PB 0x00000000f3700000| Complete |  0
| 824|0x00000000f3800000, 0x00000000f3900000, 0x00000000f3900000|100%| E|CS|TAMS 0x00000000f3800000| PB 0x00000000f3800000| Complete |  0
| 825|0x00000000f3900000, 0x00000000f3a00000, 0x00000000f3a00000|100%| E|CS|TAMS 0x00000000f3900000| PB 0x00000000f3900000| Complete |  0
| 826|0x00000000f3a00000, 0x00000000f3b00000, 0x00000000f3b00000|100%| E|CS|TAMS 0x00000000f3a00000| PB 0x00000000f3a00000| Complete |  0
| 827|0x00000000f3b00000, 0x00000000f3c00000, 0x00000000f3c00000|100%| E|CS|TAMS 0x00000000f3b00000| PB 0x00000000f3b00000| Complete |  0
| 828|0x00000000f3c00000, 0x00000000f3d00000, 0x00000000f3d00000|100%| E|CS|TAMS 0x00000000f3c00000| PB 0x00000000f3c00000| Complete |  0
| 829|0x00000000f3d00000, 0x00000000f3e00000, 0x00000000f3e00000|100%| E|CS|TAMS 0x00000000f3d00000| PB 0x00000000f3d00000| Complete |  0
| 830|0x00000000f3e00000, 0x00000000f3f00000, 0x00000000f3f00000|100%| E|CS|TAMS 0x00000000f3e00000| PB 0x00000000f3e00000| Complete |  0
| 831|0x00000000f3f00000, 0x00000000f4000000, 0x00000000f4000000|100%| E|CS|TAMS 0x00000000f3f00000| PB 0x00000000f3f00000| Complete |  0
| 832|0x00000000f4000000, 0x00000000f4100000, 0x00000000f4100000|100%| E|CS|TAMS 0x00000000f4000000| PB 0x00000000f4000000| Complete |  0
| 833|0x00000000f4100000, 0x00000000f4200000, 0x00000000f4200000|100%| E|CS|TAMS 0x00000000f4100000| PB 0x00000000f4100000| Complete |  0
| 834|0x00000000f4200000, 0x00000000f4300000, 0x00000000f4300000|100%| E|CS|TAMS 0x00000000f4200000| PB 0x00000000f4200000| Complete |  0
| 835|0x00000000f4300000, 0x00000000f4400000, 0x00000000f4400000|100%| E|CS|TAMS 0x00000000f4300000| PB 0x00000000f4300000| Complete |  0
| 836|0x00000000f4400000, 0x00000000f4500000, 0x00000000f4500000|100%| E|CS|TAMS 0x00000000f4400000| PB 0x00000000f4400000| Complete |  0
| 837|0x00000000f4500000, 0x00000000f4600000, 0x00000000f4600000|100%| E|CS|TAMS 0x00000000f4500000| PB 0x00000000f4500000| Complete |  0
| 838|0x00000000f4600000, 0x00000000f4700000, 0x00000000f4700000|100%| E|CS|TAMS 0x00000000f4600000| PB 0x00000000f4600000| Complete |  0
| 839|0x00000000f4700000, 0x00000000f4800000, 0x00000000f4800000|100%| E|CS|TAMS 0x00000000f4700000| PB 0x00000000f4700000| Complete |  0
| 840|0x00000000f4800000, 0x00000000f4900000, 0x00000000f4900000|100%| E|CS|TAMS 0x00000000f4800000| PB 0x00000000f4800000| Complete |  0
| 841|0x00000000f4900000, 0x00000000f4a00000, 0x00000000f4a00000|100%| E|CS|TAMS 0x00000000f4900000| PB 0x00000000f4900000| Complete |  0
| 842|0x00000000f4a00000, 0x00000000f4b00000, 0x00000000f4b00000|100%| E|CS|TAMS 0x00000000f4a00000| PB 0x00000000f4a00000| Complete |  0
| 843|0x00000000f4b00000, 0x00000000f4c00000, 0x00000000f4c00000|100%| E|CS|TAMS 0x00000000f4b00000| PB 0x00000000f4b00000| Complete |  0
| 844|0x00000000f4c00000, 0x00000000f4d00000, 0x00000000f4d00000|100%| E|CS|TAMS 0x00000000f4c00000| PB 0x00000000f4c00000| Complete |  0
| 845|0x00000000f4d00000, 0x00000000f4e00000, 0x00000000f4e00000|100%| E|CS|TAMS 0x00000000f4d00000| PB 0x00000000f4d00000| Complete |  0
| 846|0x00000000f4e00000, 0x00000000f4f00000, 0x00000000f4f00000|100%| E|CS|TAMS 0x00000000f4e00000| PB 0x00000000f4e00000| Complete |  0
| 847|0x00000000f4f00000, 0x00000000f5000000, 0x00000000f5000000|100%| E|CS|TAMS 0x00000000f4f00000| PB 0x00000000f4f00000| Complete |  0
| 848|0x00000000f5000000, 0x00000000f5100000, 0x00000000f5100000|100%| E|CS|TAMS 0x00000000f5000000| PB 0x00000000f5000000| Complete |  0
| 849|0x00000000f5100000, 0x00000000f5200000, 0x00000000f5200000|100%| E|CS|TAMS 0x00000000f5100000| PB 0x00000000f5100000| Complete |  0
| 850|0x00000000f5200000, 0x00000000f5300000, 0x00000000f5300000|100%| E|CS|TAMS 0x00000000f5200000| PB 0x00000000f5200000| Complete |  0
| 851|0x00000000f5300000, 0x00000000f5400000, 0x00000000f5400000|100%| E|CS|TAMS 0x00000000f5300000| PB 0x00000000f5300000| Complete |  0
| 852|0x00000000f5400000, 0x00000000f5500000, 0x00000000f5500000|100%| E|CS|TAMS 0x00000000f5400000| PB 0x00000000f5400000| Complete |  0
| 853|0x00000000f5500000, 0x00000000f5600000, 0x00000000f5600000|100%| E|CS|TAMS 0x00000000f5500000| PB 0x00000000f5500000| Complete |  0
| 854|0x00000000f5600000, 0x00000000f5700000, 0x00000000f5700000|100%| E|CS|TAMS 0x00000000f5600000| PB 0x00000000f5600000| Complete |  0
| 855|0x00000000f5700000, 0x00000000f5800000, 0x00000000f5800000|100%| E|CS|TAMS 0x00000000f5700000| PB 0x00000000f5700000| Complete |  0
| 856|0x00000000f5800000, 0x00000000f5900000, 0x00000000f5900000|100%| E|CS|TAMS 0x00000000f5800000| PB 0x00000000f5800000| Complete |  0
| 857|0x00000000f5900000, 0x00000000f5a00000, 0x00000000f5a00000|100%| E|CS|TAMS 0x00000000f5900000| PB 0x00000000f5900000| Complete |  0
| 858|0x00000000f5a00000, 0x00000000f5b00000, 0x00000000f5b00000|100%| E|CS|TAMS 0x00000000f5a00000| PB 0x00000000f5a00000| Complete |  0
| 859|0x00000000f5b00000, 0x00000000f5c00000, 0x00000000f5c00000|100%| E|CS|TAMS 0x00000000f5b00000| PB 0x00000000f5b00000| Complete |  0
| 860|0x00000000f5c00000, 0x00000000f5d00000, 0x00000000f5d00000|100%| E|CS|TAMS 0x00000000f5c00000| PB 0x00000000f5c00000| Complete |  0
| 861|0x00000000f5d00000, 0x00000000f5e00000, 0x00000000f5e00000|100%| E|CS|TAMS 0x00000000f5d00000| PB 0x00000000f5d00000| Complete |  0
| 862|0x00000000f5e00000, 0x00000000f5f00000, 0x00000000f5f00000|100%| E|CS|TAMS 0x00000000f5e00000| PB 0x00000000f5e00000| Complete |  0
| 863|0x00000000f5f00000, 0x00000000f6000000, 0x00000000f6000000|100%| E|CS|TAMS 0x00000000f5f00000| PB 0x00000000f5f00000| Complete |  0
| 864|0x00000000f6000000, 0x00000000f6100000, 0x00000000f6100000|100%| E|CS|TAMS 0x00000000f6000000| PB 0x00000000f6000000| Complete |  0
| 865|0x00000000f6100000, 0x00000000f6200000, 0x00000000f6200000|100%| E|CS|TAMS 0x00000000f6100000| PB 0x00000000f6100000| Complete |  0
| 866|0x00000000f6200000, 0x00000000f6300000, 0x00000000f6300000|100%| E|CS|TAMS 0x00000000f6200000| PB 0x00000000f6200000| Complete |  0
| 867|0x00000000f6300000, 0x00000000f6400000, 0x00000000f6400000|100%| E|CS|TAMS 0x00000000f6300000| PB 0x00000000f6300000| Complete |  0
| 868|0x00000000f6400000, 0x00000000f6500000, 0x00000000f6500000|100%| E|CS|TAMS 0x00000000f6400000| PB 0x00000000f6400000| Complete |  0
| 869|0x00000000f6500000, 0x00000000f6600000, 0x00000000f6600000|100%| E|CS|TAMS 0x00000000f6500000| PB 0x00000000f6500000| Complete |  0
| 870|0x00000000f6600000, 0x00000000f6700000, 0x00000000f6700000|100%| E|CS|TAMS 0x00000000f6600000| PB 0x00000000f6600000| Complete |  0
| 871|0x00000000f6700000, 0x00000000f6800000, 0x00000000f6800000|100%| E|CS|TAMS 0x00000000f6700000| PB 0x00000000f6700000| Complete |  0
| 872|0x00000000f6800000, 0x00000000f6900000, 0x00000000f6900000|100%| E|CS|TAMS 0x00000000f6800000| PB 0x00000000f6800000| Complete |  0
| 873|0x00000000f6900000, 0x00000000f6a00000, 0x00000000f6a00000|100%| E|CS|TAMS 0x00000000f6900000| PB 0x00000000f6900000| Complete |  0
| 874|0x00000000f6a00000, 0x00000000f6b00000, 0x00000000f6b00000|100%| E|CS|TAMS 0x00000000f6a00000| PB 0x00000000f6a00000| Complete |  0
| 875|0x00000000f6b00000, 0x00000000f6c00000, 0x00000000f6c00000|100%| E|CS|TAMS 0x00000000f6b00000| PB 0x00000000f6b00000| Complete |  0
| 876|0x00000000f6c00000, 0x00000000f6d00000, 0x00000000f6d00000|100%| E|CS|TAMS 0x00000000f6c00000| PB 0x00000000f6c00000| Complete |  0
| 877|0x00000000f6d00000, 0x00000000f6e00000, 0x00000000f6e00000|100%| E|CS|TAMS 0x00000000f6d00000| PB 0x00000000f6d00000| Complete |  0
| 878|0x00000000f6e00000, 0x00000000f6f00000, 0x00000000f6f00000|100%| E|CS|TAMS 0x00000000f6e00000| PB 0x00000000f6e00000| Complete |  0
| 879|0x00000000f6f00000, 0x00000000f7000000, 0x00000000f7000000|100%| E|CS|TAMS 0x00000000f6f00000| PB 0x00000000f6f00000| Complete |  0
| 880|0x00000000f7000000, 0x00000000f7100000, 0x00000000f7100000|100%| E|CS|TAMS 0x00000000f7000000| PB 0x00000000f7000000| Complete |  0
| 881|0x00000000f7100000, 0x00000000f7200000, 0x00000000f7200000|100%| E|CS|TAMS 0x00000000f7100000| PB 0x00000000f7100000| Complete |  0
| 882|0x00000000f7200000, 0x00000000f7300000, 0x00000000f7300000|100%| E|CS|TAMS 0x00000000f7200000| PB 0x00000000f7200000| Complete |  0
| 883|0x00000000f7300000, 0x00000000f7400000, 0x00000000f7400000|100%| E|CS|TAMS 0x00000000f7300000| PB 0x00000000f7300000| Complete |  0
| 884|0x00000000f7400000, 0x00000000f7500000, 0x00000000f7500000|100%| E|CS|TAMS 0x00000000f7400000| PB 0x00000000f7400000| Complete |  0
| 885|0x00000000f7500000, 0x00000000f7600000, 0x00000000f7600000|100%| E|CS|TAMS 0x00000000f7500000| PB 0x00000000f7500000| Complete |  0
| 886|0x00000000f7600000, 0x00000000f7700000, 0x00000000f7700000|100%| E|CS|TAMS 0x00000000f7600000| PB 0x00000000f7600000| Complete |  0
| 887|0x00000000f7700000, 0x00000000f7800000, 0x00000000f7800000|100%| E|CS|TAMS 0x00000000f7700000| PB 0x00000000f7700000| Complete |  0
| 888|0x00000000f7800000, 0x00000000f7900000, 0x00000000f7900000|100%| E|CS|TAMS 0x00000000f7800000| PB 0x00000000f7800000| Complete |  0
| 889|0x00000000f7900000, 0x00000000f7a00000, 0x00000000f7a00000|100%| E|CS|TAMS 0x00000000f7900000| PB 0x00000000f7900000| Complete |  0
| 890|0x00000000f7a00000, 0x00000000f7b00000, 0x00000000f7b00000|100%| E|CS|TAMS 0x00000000f7a00000| PB 0x00000000f7a00000| Complete |  0
| 891|0x00000000f7b00000, 0x00000000f7c00000, 0x00000000f7c00000|100%| E|CS|TAMS 0x00000000f7b00000| PB 0x00000000f7b00000| Complete |  0
| 892|0x00000000f7c00000, 0x00000000f7d00000, 0x00000000f7d00000|100%| E|CS|TAMS 0x00000000f7c00000| PB 0x00000000f7c00000| Complete |  0
| 893|0x00000000f7d00000, 0x00000000f7e00000, 0x00000000f7e00000|100%| E|CS|TAMS 0x00000000f7d00000| PB 0x00000000f7d00000| Complete |  0
| 894|0x00000000f7e00000, 0x00000000f7f00000, 0x00000000f7f00000|100%| E|CS|TAMS 0x00000000f7e00000| PB 0x00000000f7e00000| Complete |  0
| 895|0x00000000f7f00000, 0x00000000f8000000, 0x00000000f8000000|100%| E|CS|TAMS 0x00000000f7f00000| PB 0x00000000f7f00000| Complete |  0
| 896|0x00000000f8000000, 0x00000000f8100000, 0x00000000f8100000|100%| E|CS|TAMS 0x00000000f8000000| PB 0x00000000f8000000| Complete |  0
| 897|0x00000000f8100000, 0x00000000f8200000, 0x00000000f8200000|100%| E|CS|TAMS 0x00000000f8100000| PB 0x00000000f8100000| Complete |  0
| 898|0x00000000f8200000, 0x00000000f8300000, 0x00000000f8300000|100%| E|CS|TAMS 0x00000000f8200000| PB 0x00000000f8200000| Complete |  0
| 899|0x00000000f8300000, 0x00000000f8400000, 0x00000000f8400000|100%| E|CS|TAMS 0x00000000f8300000| PB 0x00000000f8300000| Complete |  0
| 900|0x00000000f8400000, 0x00000000f8500000, 0x00000000f8500000|100%| E|CS|TAMS 0x00000000f8400000| PB 0x00000000f8400000| Complete |  0
| 901|0x00000000f8500000, 0x00000000f8600000, 0x00000000f8600000|100%| E|CS|TAMS 0x00000000f8500000| PB 0x00000000f8500000| Complete |  0
| 902|0x00000000f8600000, 0x00000000f8700000, 0x00000000f8700000|100%| E|CS|TAMS 0x00000000f8600000| PB 0x00000000f8600000| Complete |  0
| 903|0x00000000f8700000, 0x00000000f8800000, 0x00000000f8800000|100%| E|CS|TAMS 0x00000000f8700000| PB 0x00000000f8700000| Complete |  0
| 904|0x00000000f8800000, 0x00000000f8900000, 0x00000000f8900000|100%| E|CS|TAMS 0x00000000f8800000| PB 0x00000000f8800000| Complete |  0
| 905|0x00000000f8900000, 0x00000000f8a00000, 0x00000000f8a00000|100%| E|CS|TAMS 0x00000000f8900000| PB 0x00000000f8900000| Complete |  0
| 906|0x00000000f8a00000, 0x00000000f8b00000, 0x00000000f8b00000|100%| E|CS|TAMS 0x00000000f8a00000| PB 0x00000000f8a00000| Complete |  0
| 907|0x00000000f8b00000, 0x00000000f8c00000, 0x00000000f8c00000|100%| E|CS|TAMS 0x00000000f8b00000| PB 0x00000000f8b00000| Complete |  0
| 908|0x00000000f8c00000, 0x00000000f8d00000, 0x00000000f8d00000|100%| E|CS|TAMS 0x00000000f8c00000| PB 0x00000000f8c00000| Complete |  0
| 909|0x00000000f8d00000, 0x00000000f8e00000, 0x00000000f8e00000|100%| E|CS|TAMS 0x00000000f8d00000| PB 0x00000000f8d00000| Complete |  0
| 910|0x00000000f8e00000, 0x00000000f8f00000, 0x00000000f8f00000|100%| E|CS|TAMS 0x00000000f8e00000| PB 0x00000000f8e00000| Complete |  0
| 911|0x00000000f8f00000, 0x00000000f9000000, 0x00000000f9000000|100%| E|CS|TAMS 0x00000000f8f00000| PB 0x00000000f8f00000| Complete |  0
| 912|0x00000000f9000000, 0x00000000f9100000, 0x00000000f9100000|100%| E|CS|TAMS 0x00000000f9000000| PB 0x00000000f9000000| Complete |  0
| 913|0x00000000f9100000, 0x00000000f9200000, 0x00000000f9200000|100%| E|CS|TAMS 0x00000000f9100000| PB 0x00000000f9100000| Complete |  0
| 914|0x00000000f9200000, 0x00000000f9300000, 0x00000000f9300000|100%| E|CS|TAMS 0x00000000f9200000| PB 0x00000000f9200000| Complete |  0
| 915|0x00000000f9300000, 0x00000000f9400000, 0x00000000f9400000|100%| E|CS|TAMS 0x00000000f9300000| PB 0x00000000f9300000| Complete |  0
| 916|0x00000000f9400000, 0x00000000f9500000, 0x00000000f9500000|100%| E|CS|TAMS 0x00000000f9400000| PB 0x00000000f9400000| Complete |  0
| 917|0x00000000f9500000, 0x00000000f9600000, 0x00000000f9600000|100%| E|CS|TAMS 0x00000000f9500000| PB 0x00000000f9500000| Complete |  0
| 918|0x00000000f9600000, 0x00000000f9700000, 0x00000000f9700000|100%| E|CS|TAMS 0x00000000f9600000| PB 0x00000000f9600000| Complete |  0
| 919|0x00000000f9700000, 0x00000000f9800000, 0x00000000f9800000|100%| E|CS|TAMS 0x00000000f9700000| PB 0x00000000f9700000| Complete |  0
| 920|0x00000000f9800000, 0x00000000f9900000, 0x00000000f9900000|100%| E|CS|TAMS 0x00000000f9800000| PB 0x00000000f9800000| Complete |  0
| 921|0x00000000f9900000, 0x00000000f9a00000, 0x00000000f9a00000|100%| E|CS|TAMS 0x00000000f9900000| PB 0x00000000f9900000| Complete |  0
| 922|0x00000000f9a00000, 0x00000000f9b00000, 0x00000000f9b00000|100%| E|CS|TAMS 0x00000000f9a00000| PB 0x00000000f9a00000| Complete |  0
| 923|0x00000000f9b00000, 0x00000000f9c00000, 0x00000000f9c00000|100%| E|CS|TAMS 0x00000000f9b00000| PB 0x00000000f9b00000| Complete |  0
| 924|0x00000000f9c00000, 0x00000000f9d00000, 0x00000000f9d00000|100%| E|CS|TAMS 0x00000000f9c00000| PB 0x00000000f9c00000| Complete |  0
| 925|0x00000000f9d00000, 0x00000000f9e00000, 0x00000000f9e00000|100%| E|CS|TAMS 0x00000000f9d00000| PB 0x00000000f9d00000| Complete |  0
| 926|0x00000000f9e00000, 0x00000000f9f00000, 0x00000000f9f00000|100%| E|CS|TAMS 0x00000000f9e00000| PB 0x00000000f9e00000| Complete |  0
| 927|0x00000000f9f00000, 0x00000000fa000000, 0x00000000fa000000|100%| E|CS|TAMS 0x00000000f9f00000| PB 0x00000000f9f00000| Complete |  0
| 928|0x00000000fa000000, 0x00000000fa100000, 0x00000000fa100000|100%| E|CS|TAMS 0x00000000fa000000| PB 0x00000000fa000000| Complete |  0
| 929|0x00000000fa100000, 0x00000000fa200000, 0x00000000fa200000|100%| E|CS|TAMS 0x00000000fa100000| PB 0x00000000fa100000| Complete |  0
| 930|0x00000000fa200000, 0x00000000fa300000, 0x00000000fa300000|100%| E|CS|TAMS 0x00000000fa200000| PB 0x00000000fa200000| Complete |  0
| 931|0x00000000fa300000, 0x00000000fa400000, 0x00000000fa400000|100%| E|CS|TAMS 0x00000000fa300000| PB 0x00000000fa300000| Complete |  0
| 932|0x00000000fa400000, 0x00000000fa500000, 0x00000000fa500000|100%| E|CS|TAMS 0x00000000fa400000| PB 0x00000000fa400000| Complete |  0
| 933|0x00000000fa500000, 0x00000000fa600000, 0x00000000fa600000|100%| E|CS|TAMS 0x00000000fa500000| PB 0x00000000fa500000| Complete |  0
| 934|0x00000000fa600000, 0x00000000fa700000, 0x00000000fa700000|100%| E|CS|TAMS 0x00000000fa600000| PB 0x00000000fa600000| Complete |  0
| 935|0x00000000fa700000, 0x00000000fa800000, 0x00000000fa800000|100%| E|CS|TAMS 0x00000000fa700000| PB 0x00000000fa700000| Complete |  0
| 936|0x00000000fa800000, 0x00000000fa900000, 0x00000000fa900000|100%| E|CS|TAMS 0x00000000fa800000| PB 0x00000000fa800000| Complete |  0
| 937|0x00000000fa900000, 0x00000000faa00000, 0x00000000faa00000|100%| E|CS|TAMS 0x00000000fa900000| PB 0x00000000fa900000| Complete |  0
| 938|0x00000000faa00000, 0x00000000fab00000, 0x00000000fab00000|100%| E|CS|TAMS 0x00000000faa00000| PB 0x00000000faa00000| Complete |  0
| 939|0x00000000fab00000, 0x00000000fac00000, 0x00000000fac00000|100%| E|CS|TAMS 0x00000000fab00000| PB 0x00000000fab00000| Complete |  0
| 940|0x00000000fac00000, 0x00000000fad00000, 0x00000000fad00000|100%| E|CS|TAMS 0x00000000fac00000| PB 0x00000000fac00000| Complete |  0
| 941|0x00000000fad00000, 0x00000000fae00000, 0x00000000fae00000|100%| E|CS|TAMS 0x00000000fad00000| PB 0x00000000fad00000| Complete |  0
| 942|0x00000000fae00000, 0x00000000faf00000, 0x00000000faf00000|100%| E|CS|TAMS 0x00000000fae00000| PB 0x00000000fae00000| Complete |  0
| 943|0x00000000faf00000, 0x00000000fb000000, 0x00000000fb000000|100%| E|CS|TAMS 0x00000000faf00000| PB 0x00000000faf00000| Complete |  0
|1003|0x00000000feb00000, 0x00000000fec00000, 0x00000000fec00000|100%| O|  |TAMS 0x00000000feb00000| PB 0x00000000feb00000| Untracked |  0
|1020|0x00000000ffc00000, 0x00000000ffd00000, 0x00000000ffd00000|100%| O|  |TAMS 0x00000000ffc00000| PB 0x00000000ffc00000| Untracked |  0
|1022|0x00000000ffe00000, 0x00000000fff00000, 0x00000000fff00000|100%| O|  |TAMS 0x00000000ffe00000| PB 0x00000000ffe00000| Untracked |  0

Card table byte_map: [0x00000180f8730000,0x00000180f8930000] _byte_map_base: 0x00000180f8130000

Marking Bits: (CMBitMap*) 0x00000180d3630f00
 Bits: [0x00000180f8930000, 0x00000180f9930000)

Polling page: 0x00000180d12a0000

Metaspace:
Metaspace        used 628831K, committed 638400K, reserved 1638400K
 class space     used 86693K, committed 90816K, reserved 1048576K

Usage:
  Non-class:    529.43 MB used.
      Class:     84.66 MB used.
       Both:    614.09 MB used.

Virtual space:
  Non-class space:      576.00 MB reserved,     534.75 MB ( 93%) committed,  9 nodes.
      Class space:        1.00 GB reserved,      88.69 MB (  9%) committed,  1 nodes.
             Both:        1.56 GB reserved,     623.44 MB ( 39%) committed. 

Chunk freelists:
   Non-Class:  8.59 MB
       Class:  7.21 MB
        Both:  15.80 MB

MaxMetaspaceSize: unlimited
CompressedClassSpaceSize: 1.00 GB
Initial GC threshold: 21.00 MB
Current GC threshold: 1.01 GB
CDS: on
 - commit_granule_bytes: 65536.
 - commit_granule_words: 8192.
 - virtual_space_node_default_size: 8388608.
 - enlarge_chunks_in_place: 1.
UseCompressedClassPointers 1, UseCompactObjectHeaders 0
Narrow klass pointer bits 32, Max shift 3
Narrow klass base: 0x000000002d000000, Narrow klass shift: 0
Encoding Range: [0x000000002d000000 - 0x000000012d000000), (4294967296 bytes)
Klass Range:    [0x000000002d010000 - 0x000000006f000000), (1107230720 bytes)
Klass ID Range:  [65536 - 1107296249) (1107230713)
Protection zone: [0x000000002d000000 - 0x000000002d010000), (65536 bytes)


Internal statistics:

num_allocs_failed_limit: 8.
num_arena_births: 21982.
num_arena_deaths: 13688.
num_vsnodes_births: 10.
num_vsnodes_deaths: 0.
num_space_committed: 10063.
num_space_uncommitted: 57.
num_chunks_returned_to_freelist: 18339.
num_chunks_taken_from_freelist: 65543.
num_chunk_merges: 5996.
num_chunk_splits: 33124.
num_chunks_enlarged: 14415.
num_inconsistent_stats: 0.

CodeHeap 'non-profiled nmethods': size=259392Kb used=42749Kb max_used=46559Kb free=216642Kb
 bounds [0x00000180e7c30000, 0x00000180ea9e0000, 0x00000180f7980000]
CodeHeap 'profiled nmethods': size=259264Kb used=88927Kb max_used=108311Kb free=170336Kb
 bounds [0x00000180d7980000, 0x00000180de350000, 0x00000180e76b0000]
CodeHeap 'non-nmethods': size=5632Kb used=5333Kb max_used=5475Kb free=298Kb
 bounds [0x00000180e76b0000, 0x00000180e7c20000, 0x00000180e7c30000]
CodeCache: size=524288Kb, used=137009Kb, max_used=160345Kb, free=387276Kb
 total_blobs=53805, nmethods=50998, adapters=2700, full_count=0
Compilation: enabled, stopped_count=0, restarted_count=0

Compilation events (20 events):
Event: 21409.459 Thread 0x00000180f9b9e520 194389       4       com.intellij.openapi.progress.impl.ProgressManagerImpl$HasContextJob::value (62 bytes)
Event: 21409.466 Thread 0x00000180f9b9e520 nmethod 194389 0x00000180e7eadb88 code [0x00000180e7eadc80, 0x00000180e7eae630]
Event: 21409.466 Thread 0x00000180f9b9e520 194390       4       java.nio.channels.FileChannel::open (18 bytes)
Event: 21409.470 Thread 0x00000180fca9b670 194392       3       com.intellij.openapi.fileEditor.FileDocumentManagerListener::unsavedDocumentDropped (16 bytes)
Event: 21409.471 Thread 0x00000180fca9b670 nmethod 194392 0x00000180d83a5908 code [0x00000180d83a5a00, 0x00000180d83a5c38]
Event: 21409.471 Thread 0x00000180fca9b670 194393       3       com.intellij.openapi.fileEditor.FileDocumentManagerListener::unsavedDocumentsDropped (1 bytes)
Event: 21409.471 Thread 0x00000180fca9b670 nmethod 194393 0x00000180d7dcfc08 code [0x00000180d7dcfd00, 0x00000180d7dcfe08]
Event: 21409.471 Thread 0x00000180fca9b670 194394       3       com.intellij.toolWindow.InternalDecoratorImpl::updateActiveAndHoverState (204 bytes)
Event: 21409.472 Thread 0x00000180fca9b670 nmethod 194394 0x00000180d9e66788 code [0x00000180d9e668a0, 0x00000180d9e68b78]
Event: 21409.478 Thread 0x00000180f9b9e520 nmethod 194390 0x00000180e84df388 code [0x00000180e84df480, 0x00000180e84dffe8]
Event: 21409.478 Thread 0x00000180f9b9e520 194391       4       com.intellij.openapi.diagnostic.ThrottledLogger::shouldThrottle (43 bytes)
Event: 21409.479 Thread 0x00000180f9b9e520 nmethod 194391 0x00000180e7f60d88 code [0x00000180e7f60e80, 0x00000180e7f60f78]
Event: 21409.509 Thread 0x00000180fca9b670 194395       3       com.intellij.ide.projectView.impl.ProjectViewImpl$12::isSelected (11 bytes)
Event: 21409.510 Thread 0x00000180fca9b670 nmethod 194395 0x00000180d7e49a88 code [0x00000180d7e49b80, 0x00000180d7e49d38]
Event: 21409.510 Thread 0x00000180fca9b670 194396       3       com.intellij.ide.projectView.impl.ProjectViewImpl$9::isSelected (11 bytes)
Event: 21409.510 Thread 0x00000180fca9b670 nmethod 194396 0x00000180d7f5f908 code [0x00000180d7f5fa00, 0x00000180d7f5fbb8]
Event: 21409.510 Thread 0x00000180fca9b670 194397       3       com.intellij.ide.projectView.impl.ProjectViewImpl$9::isEnabled (13 bytes)
Event: 21409.510 Thread 0x00000180fca9b670 nmethod 194397 0x00000180d8414388 code [0x00000180d8414480, 0x00000180d84146d0]
Event: 21409.612 Thread 0x00000180fca9b670 194398       3       com.intellij.ui.stripe.ErrorStripePainter::setErrorStripeCount (71 bytes)
Event: 21409.613 Thread 0x00000180fca9b670 nmethod 194398 0x00000180d7c59d08 code [0x00000180d7c59e00, 0x00000180d7c5a428]

GC Heap Usage History (20 events):
Event: 21247.888 {heap After GC invocations=413 (full 23):
 garbage-first heap   total reserved 1048576K, committed 928768K, used 562190K [0x00000000c0000000, 0x0000000100000000)
  region size 1024K, 12 young (12288K), 12 survivors (12288K)
}
Event: 21280.405 {heap Before GC invocations=414 (full 23):
 garbage-first heap   total reserved 1048576K, committed 949248K, used 872462K [0x00000000c0000000, 0x0000000100000000)
  region size 1024K, 316 young (323584K), 12 survivors (12288K)
}
Event: 21280.414 {heap After GC invocations=415 (full 23):
 garbage-first heap   total reserved 1048576K, committed 949248K, used 565835K [0x00000000c0000000, 0x0000000100000000)
  region size 1024K, 16 young (16384K), 16 survivors (16384K)
}
Event: 21283.823 {heap Before GC invocations=415 (full 23):
 garbage-first heap   total reserved 1048576K, committed 949248K, used 893515K [0x00000000c0000000, 0x0000000100000000)
  region size 1024K, 336 young (344064K), 16 survivors (16384K)
}
Event: 21283.831 {heap After GC invocations=416 (full 23):
 garbage-first heap   total reserved 1048576K, committed 949248K, used 556080K [0x00000000c0000000, 0x0000000100000000)
  region size 1024K, 7 young (7168K), 7 survivors (7168K)
}
Event: 21288.281 {heap Before GC invocations=416 (full 23):
 garbage-first heap   total reserved 1048576K, committed 949248K, used 895024K [0x00000000c0000000, 0x0000000100000000)
  region size 1024K, 338 young (346112K), 7 survivors (7168K)
}
Event: 21288.289 {heap After GC invocations=417 (full 23):
 garbage-first heap   total reserved 1048576K, committed 949248K, used 555869K [0x00000000c0000000, 0x0000000100000000)
  region size 1024K, 6 young (6144K), 6 survivors (6144K)
}
Event: 21295.874 {heap Before GC invocations=418 (full 23):
 garbage-first heap   total reserved 1048576K, committed 949248K, used 623453K [0x00000000c0000000, 0x0000000100000000)
  region size 1024K, 73 young (74752K), 6 survivors (6144K)
}
Event: 21296.269 {heap After GC invocations=419 (full 24):
 garbage-first heap   total reserved 1048576K, committed 913408K, used 540593K [0x00000000c0000000, 0x0000000100000000)
  region size 1024K, 0 young (0K), 0 survivors (0K)
}
Event: 21351.922 {heap Before GC invocations=419 (full 24):
 garbage-first heap   total reserved 1048576K, committed 913408K, used 859057K [0x00000000c0000000, 0x0000000100000000)
  region size 1024K, 311 young (318464K), 0 survivors (0K)
}
Event: 21351.933 {heap After GC invocations=420 (full 24):
 garbage-first heap   total reserved 1048576K, committed 913408K, used 556198K [0x00000000c0000000, 0x0000000100000000)
  region size 1024K, 16 young (16384K), 16 survivors (16384K)
}
Event: 21359.592 {heap Before GC invocations=421 (full 24):
 garbage-first heap   total reserved 1048576K, committed 941056K, used 856230K [0x00000000c0000000, 0x0000000100000000)
  region size 1024K, 310 young (317440K), 16 survivors (16384K)
}
Event: 21359.603 {heap After GC invocations=422 (full 24):
 garbage-first heap   total reserved 1048576K, committed 941056K, used 559202K [0x00000000c0000000, 0x0000000100000000)
  region size 1024K, 19 young (19456K), 19 survivors (19456K)
}
Event: 21370.055 {heap Before GC invocations=422 (full 24):
 garbage-first heap   total reserved 1048576K, committed 941056K, used 883810K [0x00000000c0000000, 0x0000000100000000)
  region size 1024K, 337 young (345088K), 19 survivors (19456K)
}
Event: 21370.068 {heap After GC invocations=423 (full 24):
 garbage-first heap   total reserved 1048576K, committed 941056K, used 572252K [0x00000000c0000000, 0x0000000100000000)
  region size 1024K, 32 young (32768K), 32 survivors (32768K)
}
Event: 21378.537 {heap Before GC invocations=423 (full 24):
 garbage-first heap   total reserved 1048576K, committed 941056K, used 886620K [0x00000000c0000000, 0x0000000100000000)
  region size 1024K, 340 young (348160K), 32 survivors (32768K)
}
Event: 21378.556 {heap After GC invocations=424 (full 24):
 garbage-first heap   total reserved 1048576K, committed 941056K, used 576453K [0x00000000c0000000, 0x0000000100000000)
  region size 1024K, 22 young (22528K), 22 survivors (22528K)
}
Event: 21386.597 {heap Before GC invocations=425 (full 24):
 garbage-first heap   total reserved 1048576K, committed 969728K, used 885701K [0x00000000c0000000, 0x0000000100000000)
  region size 1024K, 325 young (332800K), 22 survivors (22528K)
}
Event: 21386.609 {heap After GC invocations=426 (full 24):
 garbage-first heap   total reserved 1048576K, committed 969728K, used 577018K [0x00000000c0000000, 0x0000000100000000)
  region size 1024K, 22 young (22528K), 22 survivors (22528K)
}
Event: 21414.427 {heap Before GC invocations=426 (full 24):
 garbage-first heap   total reserved 1048576K, committed 969728K, used 863738K [0x00000000c0000000, 0x0000000100000000)
  region size 1024K, 304 young (311296K), 22 survivors (22528K)
}

Metaspace Usage History (20 events):
Event: 21247.888 {metaspace After GC invocations=413 (full 23):
 Metaspace       used 627620K, committed 636928K, reserved 1638400K
  class space    used 86474K, committed 90496K, reserved 1048576K
}
Event: 21280.405 {metaspace Before GC invocations=414 (full 23):
 Metaspace       used 627635K, committed 636928K, reserved 1638400K
  class space    used 86475K, committed 90496K, reserved 1048576K
}
Event: 21280.414 {metaspace After GC invocations=415 (full 23):
 Metaspace       used 627635K, committed 636928K, reserved 1638400K
  class space    used 86475K, committed 90496K, reserved 1048576K
}
Event: 21283.823 {metaspace Before GC invocations=415 (full 23):
 Metaspace       used 627655K, committed 636928K, reserved 1638400K
  class space    used 86477K, committed 90496K, reserved 1048576K
}
Event: 21283.831 {metaspace After GC invocations=416 (full 23):
 Metaspace       used 627655K, committed 636928K, reserved 1638400K
  class space    used 86477K, committed 90496K, reserved 1048576K
}
Event: 21288.281 {metaspace Before GC invocations=416 (full 23):
 Metaspace       used 627681K, committed 636928K, reserved 1638400K
  class space    used 86481K, committed 90496K, reserved 1048576K
}
Event: 21288.289 {metaspace After GC invocations=417 (full 23):
 Metaspace       used 627681K, committed 636928K, reserved 1638400K
  class space    used 86481K, committed 90496K, reserved 1048576K
}
Event: 21295.874 {metaspace Before GC invocations=418 (full 23):
 Metaspace       used 627635K, committed 636928K, reserved 1638400K
  class space    used 86468K, committed 90496K, reserved 1048576K
}
Event: 21296.269 {metaspace After GC invocations=419 (full 24):
 Metaspace       used 627571K, committed 636928K, reserved 1638400K
  class space    used 86452K, committed 90496K, reserved 1048576K
}
Event: 21351.922 {metaspace Before GC invocations=419 (full 24):
 Metaspace       used 627643K, committed 636928K, reserved 1638400K
  class space    used 86468K, committed 90496K, reserved 1048576K
}
Event: 21351.933 {metaspace After GC invocations=420 (full 24):
 Metaspace       used 627643K, committed 636928K, reserved 1638400K
  class space    used 86468K, committed 90496K, reserved 1048576K
}
Event: 21359.592 {metaspace Before GC invocations=421 (full 24):
 Metaspace       used 627455K, committed 636928K, reserved 1638400K
  class space    used 86424K, committed 90496K, reserved 1048576K
}
Event: 21359.603 {metaspace After GC invocations=422 (full 24):
 Metaspace       used 627455K, committed 636928K, reserved 1638400K
  class space    used 86424K, committed 90496K, reserved 1048576K
}
Event: 21370.055 {metaspace Before GC invocations=422 (full 24):
 Metaspace       used 627735K, committed 636992K, reserved 1638400K
  class space    used 86458K, committed 90496K, reserved 1048576K
}
Event: 21370.068 {metaspace After GC invocations=423 (full 24):
 Metaspace       used 627735K, committed 636992K, reserved 1638400K
  class space    used 86458K, committed 90496K, reserved 1048576K
}
Event: 21378.537 {metaspace Before GC invocations=423 (full 24):
 Metaspace       used 627818K, committed 637056K, reserved 1638400K
  class space    used 86463K, committed 90496K, reserved 1048576K
}
Event: 21378.556 {metaspace After GC invocations=424 (full 24):
 Metaspace       used 627818K, committed 637056K, reserved 1638400K
  class space    used 86463K, committed 90496K, reserved 1048576K
}
Event: 21386.597 {metaspace Before GC invocations=425 (full 24):
 Metaspace       used 627945K, committed 637248K, reserved 1638400K
  class space    used 86464K, committed 90496K, reserved 1048576K
}
Event: 21386.609 {metaspace After GC invocations=426 (full 24):
 Metaspace       used 627945K, committed 637248K, reserved 1638400K
  class space    used 86464K, committed 90496K, reserved 1048576K
}
Event: 21414.427 {metaspace Before GC invocations=426 (full 24):
 Metaspace       used 628831K, committed 638400K, reserved 1638400K
  class space    used 86693K, committed 90816K, reserved 1048576K
}

Dll operation events (3 events):
Event: 0.006 Loaded shared library C:\Program Files\JetBrains\IntelliJ IDEA 2026.1\jbr\bin\java.dll
Event: 0.007 Loaded shared library C:\Program Files\JetBrains\IntelliJ IDEA 2026.1\jbr\bin\zip.dll
Event: 0.233 Loaded shared library C:\Program Files\JetBrains\IntelliJ IDEA 2026.1\jbr\bin\verify.dll

Deoptimization events (20 events):
Event: 21378.631 Thread 0x00000181c97620d0 DEOPT PACKING pc=0x00000180d8cb96b6 sp=0x00000049515fe6d0
Event: 21378.631 Thread 0x00000181c97620d0 DEOPT UNPACKING pc=0x00000180e77012a2 sp=0x00000049515fdba8 mode 0
Event: 21378.632 Thread 0x00000181c97620d0 DEOPT PACKING pc=0x00000180d8cb96b6 sp=0x00000049515fe6d0
Event: 21378.632 Thread 0x00000181c97620d0 DEOPT UNPACKING pc=0x00000180e77012a2 sp=0x00000049515fdba8 mode 0
Event: 21378.662 Thread 0x00000181c97620d0 Uncommon trap: trap_request=0xffffff6e fr.pc=0x00000180ea3f1f38 relative=0x0000000000004a18
Event: 21378.662 Thread 0x00000181c97620d0 Uncommon trap: reason=predicate action=maybe_recompile pc=0x00000180ea3f1f38 method=com.intellij.openapi.util.text.StringUtil.commonSuffixLength(Ljava/lang/CharSequence;Ljava/lang/CharSequence;)I @ 50 c2
Event: 21378.662 Thread 0x00000181c97620d0 DEOPT PACKING pc=0x00000180ea3f1f38 sp=0x00000049515ff090
Event: 21378.662 Thread 0x00000181c97620d0 DEOPT UNPACKING pc=0x00000180e77df902 sp=0x00000049515fef30 mode 2
Event: 21380.282 Thread 0x00000180a9764fd0 Uncommon trap: trap_request=0xffffff45 fr.pc=0x00000180e984219c relative=0x0000000000006f7c
Event: 21380.283 Thread 0x00000180a9764fd0 Uncommon trap: reason=unstable_if action=reinterpret pc=0x00000180e984219c method=com.intellij.openapi.editor.impl.EditorGutterComponentImpl.doPaintLineNumbers(Ljava/awt/Graphics2D;IIILcom/intellij/openapi/editor/LineNumberConverter;)V @ 355 c2
Event: 21380.283 Thread 0x00000180a9764fd0 DEOPT PACKING pc=0x00000180e984219c sp=0x000000494c0fd590
Event: 21380.283 Thread 0x00000180a9764fd0 DEOPT UNPACKING pc=0x00000180e77df902 sp=0x000000494c0fd530 mode 2
Event: 21407.529 Thread 0x00000180a9764fd0 Uncommon trap: trap_request=0xffffffbe fr.pc=0x00000180e83540f0 relative=0x00000000000003f0
Event: 21407.529 Thread 0x00000180a9764fd0 Uncommon trap: reason=profile_predicate action=maybe_recompile pc=0x00000180e83540f0 method=com.intellij.util.text.CharArrayUtilKmp.containLineBreaks(Ljava/lang/CharSequence;II)Z @ 54 c2
Event: 21407.529 Thread 0x00000180a9764fd0 DEOPT PACKING pc=0x00000180e83540f0 sp=0x000000494c0f9960
Event: 21407.529 Thread 0x00000180a9764fd0 DEOPT UNPACKING pc=0x00000180e77df902 sp=0x000000494c0f98d0 mode 2
Event: 21407.536 Thread 0x00000180a9764fd0 Uncommon trap: trap_request=0xffffffbe fr.pc=0x00000180e83540f0 relative=0x00000000000003f0
Event: 21407.536 Thread 0x00000180a9764fd0 Uncommon trap: reason=profile_predicate action=maybe_recompile pc=0x00000180e83540f0 method=com.intellij.util.text.CharArrayUtilKmp.containLineBreaks(Ljava/lang/CharSequence;II)Z @ 54 c2
Event: 21407.536 Thread 0x00000180a9764fd0 DEOPT PACKING pc=0x00000180e83540f0 sp=0x000000494c0f8f40
Event: 21407.536 Thread 0x00000180a9764fd0 DEOPT UNPACKING pc=0x00000180e77df902 sp=0x000000494c0f8eb0 mode 2

Classes loaded (20 events):
Event: 21362.582 Loading class kotlin/Float
Event: 21362.582 Loading class kotlin/Float done
Event: 21362.582 Loading class kotlin/FloatArray
Event: 21362.582 Loading class kotlin/FloatArray done
Event: 21362.582 Loading class kotlin/FloatArray
Event: 21362.582 Loading class kotlin/FloatArray done
Event: 21362.582 Loading class kotlin/LongArray
Event: 21362.582 Loading class kotlin/LongArray done
Event: 21362.582 Loading class kotlin/LongArray
Event: 21362.582 Loading class kotlin/LongArray done
Event: 21362.582 Loading class kotlin/Double
Event: 21362.582 Loading class kotlin/Double done
Event: 21362.582 Loading class kotlin/Double
Event: 21362.582 Loading class kotlin/Double done
Event: 21362.582 Loading class kotlin/DoubleArray
Event: 21362.582 Loading class kotlin/DoubleArray done
Event: 21362.582 Loading class kotlin/DoubleArray
Event: 21362.582 Loading class kotlin/DoubleArray done
Event: 21362.583 Loading class javax/annotation/Nullable
Event: 21362.583 Loading class javax/annotation/Nullable done

Classes unloaded (20 events):
Event: 21352.155 Thread 0x00000180f9b7a2b0 Unloading class 0x0000000033202c00 'java/lang/invoke/LambdaForm$MH+0x0000000033202c00'
Event: 21352.155 Thread 0x00000180f9b7a2b0 Unloading class 0x0000000033d73c00 'java/lang/invoke/LambdaForm$MH+0x0000000033d73c00'
Event: 21352.155 Thread 0x00000180f9b7a2b0 Unloading class 0x0000000033d00c00 'java/lang/invoke/LambdaForm$MH+0x0000000033d00c00'
Event: 21352.155 Thread 0x00000180f9b7a2b0 Unloading class 0x000000003391bc00 'java/lang/invoke/LambdaForm$MH+0x000000003391bc00'
Event: 21352.155 Thread 0x00000180f9b7a2b0 Unloading class 0x0000000033b2d800 'java/lang/invoke/LambdaForm$MH+0x0000000033b2d800'
Event: 21352.155 Thread 0x00000180f9b7a2b0 Unloading class 0x0000000033379800 'java/lang/invoke/LambdaForm$MH+0x0000000033379800'
Event: 21352.155 Thread 0x00000180f9b7a2b0 Unloading class 0x0000000033a10000 'java/lang/invoke/LambdaForm$MH+0x0000000033a10000'
Event: 21352.155 Thread 0x00000180f9b7a2b0 Unloading class 0x0000000033a1ac00 'java/lang/invoke/LambdaForm$MH+0x0000000033a1ac00'
Event: 21352.155 Thread 0x00000180f9b7a2b0 Unloading class 0x0000000033ba0400 'java/lang/invoke/LambdaForm$MH+0x0000000033ba0400'
Event: 21352.155 Thread 0x00000180f9b7a2b0 Unloading class 0x0000000033fcc800 'java/lang/invoke/LambdaForm$MH+0x0000000033fcc800'
Event: 21352.155 Thread 0x00000180f9b7a2b0 Unloading class 0x0000000033fd1400 'java/lang/invoke/LambdaForm$MH+0x0000000033fd1400'
Event: 21352.155 Thread 0x00000180f9b7a2b0 Unloading class 0x00000000342ce400 'java/lang/invoke/LambdaForm$MH+0x00000000342ce400'
Event: 21352.155 Thread 0x00000180f9b7a2b0 Unloading class 0x00000000340f9000 'java/lang/invoke/LambdaForm$MH+0x00000000340f9000'
Event: 21352.155 Thread 0x00000180f9b7a2b0 Unloading class 0x00000000340ea400 'java/lang/invoke/LambdaForm$MH+0x00000000340ea400'
Event: 21352.155 Thread 0x00000180f9b7a2b0 Unloading class 0x00000000340f4000 'java/lang/invoke/LambdaForm$MH+0x00000000340f4000'
Event: 21352.155 Thread 0x00000180f9b7a2b0 Unloading class 0x00000000340e1400 'java/lang/invoke/LambdaForm$MH+0x00000000340e1400'
Event: 21352.155 Thread 0x00000180f9b7a2b0 Unloading class 0x0000000034110c00 'java/lang/invoke/LambdaForm$BMH+0x0000000034110c00'
Event: 21352.155 Thread 0x00000180f9b7a2b0 Unloading class 0x0000000034129400 'java/lang/invoke/LambdaForm$MH+0x0000000034129400'
Event: 21352.155 Thread 0x00000180f9b7a2b0 Unloading class 0x0000000034859c00 'java/lang/invoke/LambdaForm$MH+0x0000000034859c00'
Event: 21352.155 Thread 0x00000180f9b7a2b0 Unloading class 0x000000003485d400 'java/lang/invoke/LambdaForm$MH+0x000000003485d400'

Classes redefined (4 events):
Event: 0.281 Thread 0x00000180f9b7a2b0 redefined class name=java.math.BigInteger, count=1
Event: 0.285 Thread 0x00000180f9b7a2b0 redefined class name=java.net.InetAddress, count=1
Event: 0.288 Thread 0x00000180f9b7a2b0 redefined class name=sun.management.VMManagementImpl, count=1
Event: 0.294 Thread 0x00000180f9b7a2b0 redefined class name=java.lang.Class, count=1

Internal exceptions (20 events):
Event: 21405.020 Thread 0x0000018155ca9dc0 Exception <a 'java/net/ConnectException'{0x00000000eef6add0}: Connection refused: connect> (0x00000000eef6add0) 
thrown [s\src\hotspot\share\prims\jni.cpp, line 569]
Event: 21405.162 Thread 0x00000181d7cdd770 Exception <a 'sun/nio/fs/WindowsException'{0x00000000eec04b50}> (0x00000000eec04b50) 
thrown [s\src\hotspot\share\prims\jni.cpp, line 535]
Event: 21405.163 Thread 0x00000181d7cdd770 Exception <a 'sun/nio/fs/WindowsException'{0x00000000eec062b8}> (0x00000000eec062b8) 
thrown [s\src\hotspot\share\prims\jni.cpp, line 535]
Event: 21405.163 Thread 0x00000181d7cdd770 Exception <a 'sun/nio/fs/WindowsException'{0x00000000eec07e40}> (0x00000000eec07e40) 
thrown [s\src\hotspot\share\prims\jni.cpp, line 535]
Event: 21405.163 Thread 0x00000181d7cdd770 Exception <a 'sun/nio/fs/WindowsException'{0x00000000eec106a0}> (0x00000000eec106a0) 
thrown [s\src\hotspot\share\prims\jni.cpp, line 535]
Event: 21407.671 Thread 0x00000181da948280 Exception <a 'sun/nio/fs/WindowsException'{0x00000000ec2099f8}> (0x00000000ec2099f8) 
thrown [s\src\hotspot\share\prims\jni.cpp, line 535]
Event: 21407.671 Thread 0x00000181da948280 Exception <a 'sun/nio/fs/WindowsException'{0x00000000ec20b3b0}> (0x00000000ec20b3b0) 
thrown [s\src\hotspot\share\prims\jni.cpp, line 535]
Event: 21407.671 Thread 0x00000181da948280 Exception <a 'sun/nio/fs/WindowsException'{0x00000000ec20cf38}> (0x00000000ec20cf38) 
thrown [s\src\hotspot\share\prims\jni.cpp, line 535]
Event: 21407.671 Thread 0x00000181da948280 Exception <a 'sun/nio/fs/WindowsException'{0x00000000ec2948c8}> (0x00000000ec2948c8) 
thrown [s\src\hotspot\share\prims\jni.cpp, line 535]
Event: 21408.078 Thread 0x00000181af9cd9b0 Exception <a 'sun/nio/fs/WindowsException'{0x00000000eb1f58e0}> (0x00000000eb1f58e0) 
thrown [s\src\hotspot\share\prims\jni.cpp, line 535]
Event: 21408.079 Thread 0x00000181617bcbf0 Exception <a 'java/net/ConnectException'{0x00000000eb01f0f8}: Connection refused: connect> (0x00000000eb01f0f8) 
thrown [s\src\hotspot\share\prims\jni.cpp, line 569]
Event: 21409.462 Thread 0x00000181d7cdd770 Exception <a 'sun/nio/fs/WindowsException'{0x00000000e9e0e328}> (0x00000000e9e0e328) 
thrown [s\src\hotspot\share\prims\jni.cpp, line 535]
Event: 21410.020 Thread 0x00000181af9cd9b0 Exception <a 'sun/nio/fs/WindowsException'{0x00000000e9a5a460}> (0x00000000e9a5a460) 
thrown [s\src\hotspot\share\prims\jni.cpp, line 535]
Event: 21410.020 Thread 0x00000181af9d27d0 Exception <a 'sun/nio/fs/WindowsException'{0x00000000ea1a6ec0}> (0x00000000ea1a6ec0) 
thrown [s\src\hotspot\share\prims\jni.cpp, line 535]
Event: 21410.020 Thread 0x00000181af9d0890 Exception <a 'sun/nio/fs/WindowsException'{0x00000000ea792310}> (0x00000000ea792310) 
thrown [s\src\hotspot\share\prims\jni.cpp, line 535]
Event: 21410.021 Thread 0x00000181617bcbf0 Exception <a 'java/net/ConnectException'{0x00000000e9a639b0}: Connection refused: connect> (0x00000000e9a639b0) 
thrown [s\src\hotspot\share\prims\jni.cpp, line 569]
Event: 21410.021 Thread 0x0000018155ca9dc0 Exception <a 'java/net/ConnectException'{0x00000000e9a64890}: Connection refused: connect> (0x00000000e9a64890) 
thrown [s\src\hotspot\share\prims\jni.cpp, line 569]
Event: 21410.021 Thread 0x0000018155ca9dc0 Exception <a 'java/net/ConnectException'{0x00000000e9a6c130}: Connection refused: connect> (0x00000000e9a6c130) 
thrown [s\src\hotspot\share\prims\jni.cpp, line 569]
Event: 21413.086 Thread 0x000001819113d9a0 Exception <a 'sun/nio/fs/WindowsException'{0x00000000e98d31d0}> (0x00000000e98d31d0) 
thrown [s\src\hotspot\share\prims\jni.cpp, line 535]
Event: 21413.087 Thread 0x00000181617bcbf0 Exception <a 'java/net/ConnectException'{0x00000000e978cae0}: Connection refused: connect> (0x00000000e978cae0) 
thrown [s\src\hotspot\share\prims\jni.cpp, line 569]

VM Operations (20 events):
Event: 21352.204 Executing safepoint VM operation: G1PauseRemark done
Event: 21352.280 Executing safepoint VM operation: G1PauseCleanup
Event: 21352.280 Executing safepoint VM operation: G1PauseCleanup done
Event: 21359.592 Executing safepoint VM operation: G1CollectForAllocation (G1 Evacuation Pause)
Event: 21359.603 Executing safepoint VM operation: G1CollectForAllocation (G1 Evacuation Pause) done
Event: 21370.054 Executing safepoint VM operation: G1CollectForAllocation (G1 Evacuation Pause)
Event: 21370.068 Executing safepoint VM operation: G1CollectForAllocation (G1 Evacuation Pause) done
Event: 21376.967 Executing non-safepoint VM operation: HandshakeAllThreads (HandshakeForDeflation)
Event: 21376.967 Executing non-safepoint VM operation: HandshakeAllThreads (HandshakeForDeflation) done
Event: 21376.967 Executing non-safepoint VM operation: RendezvousGCThreads
Event: 21376.967 Executing non-safepoint VM operation: RendezvousGCThreads done
Event: 21378.537 Executing safepoint VM operation: G1CollectForAllocation (G1 Evacuation Pause)
Event: 21378.556 Executing safepoint VM operation: G1CollectForAllocation (G1 Evacuation Pause) done
Event: 21378.828 Executing safepoint VM operation: G1PauseRemark
Event: 21378.862 Executing safepoint VM operation: G1PauseRemark done
Event: 21378.945 Executing safepoint VM operation: G1PauseCleanup
Event: 21378.945 Executing safepoint VM operation: G1PauseCleanup done
Event: 21386.597 Executing safepoint VM operation: G1CollectForAllocation (G1 Evacuation Pause)
Event: 21386.609 Executing safepoint VM operation: G1CollectForAllocation (G1 Evacuation Pause) done
Event: 21414.427 Executing safepoint VM operation: G1CollectFull (JBR shrinking GC)

Memory protections (0 events):
No events

Nmethod flushes (20 events):
Event: 21378.858 Thread 0x00000180f9b7a2b0 flushing  nmethod 0x00000180ddb4ec88
Event: 21378.858 Thread 0x00000180f9b7a2b0 flushing  nmethod 0x00000180ddb4f888
Event: 21378.858 Thread 0x00000180f9b7a2b0 flushing  nmethod 0x00000180ddb4fc88
Event: 21378.858 Thread 0x00000180f9b7a2b0 flushing  nmethod 0x00000180ddb8ad08
Event: 21378.858 Thread 0x00000180f9b7a2b0 flushing  nmethod 0x00000180ddb8b188
Event: 21378.858 Thread 0x00000180f9b7a2b0 flushing  nmethod 0x00000180ddb8b508
Event: 21378.858 Thread 0x00000180f9b7a2b0 flushing  nmethod 0x00000180ddb8d388
Event: 21378.858 Thread 0x00000180f9b7a2b0 flushing  nmethod 0x00000180ddb8d888
Event: 21378.858 Thread 0x00000180f9b7a2b0 flushing  nmethod 0x00000180ddb8e388
Event: 21378.858 Thread 0x00000180f9b7a2b0 flushing  nmethod 0x00000180ddb8e688
Event: 21378.858 Thread 0x00000180f9b7a2b0 flushing  nmethod 0x00000180ddb8ee08
Event: 21378.858 Thread 0x00000180f9b7a2b0 flushing  nmethod 0x00000180ddb8f108
Event: 21378.858 Thread 0x00000180f9b7a2b0 flushing  nmethod 0x00000180ddb8f408
Event: 21378.858 Thread 0x00000180f9b7a2b0 flushing  nmethod 0x00000180ddb8f708
Event: 21378.858 Thread 0x00000180f9b7a2b0 flushing  nmethod 0x00000180ddb8fb08
Event: 21378.858 Thread 0x00000180f9b7a2b0 flushing  nmethod 0x00000180ddb8fe08
Event: 21378.858 Thread 0x00000180f9b7a2b0 flushing  nmethod 0x00000180ddb96d88
Event: 21378.858 Thread 0x00000180f9b7a2b0 flushing  nmethod 0x00000180ddb97188
Event: 21378.858 Thread 0x00000180f9b7a2b0 flushing  nmethod 0x00000180ddb97508
Event: 21378.858 Thread 0x00000180f9b7a2b0 flushing  nmethod 0x00000180dde86088

Events (20 events):
Event: 21226.318 Thread 0x00000180aa88a450 Thread added: 0x00000180aa88c390
Event: 21245.686 Thread 0x00000181dc6ae620 Thread added: 0x00000181dca82a80
Event: 21246.214 Thread 0x00000181a44db030 Thread added: 0x00000181dc6ade50
Event: 21246.215 Thread 0x00000181dc6ade50 Thread exited: 0x00000181dc6ade50
Event: 21246.270 Thread 0x00000181a44db030 Thread added: 0x00000181dc6aedf0
Event: 21247.890 Thread 0x00000181dca82a80 Thread exited: 0x00000181dca82a80
Event: 21256.297 Thread 0x00000181dc6aedf0 Thread exited: 0x00000181dc6aedf0
Event: 21266.658 Thread 0x000001818e426dd0 Thread added: 0x00000181f81efec0
Event: 21285.756 Thread 0x00000181b6095df0 Thread exited: 0x00000181b6095df0
Event: 21286.296 Thread 0x0000018186ae5b00 Thread exited: 0x0000018186ae5b00
Event: 21296.269 Thread 0x00000180cb63c050 Thread added: 0x00000181d7cdd770
Event: 21296.269 Thread 0x00000180cb63c050 Thread added: 0x00000181d7cde710
Event: 21350.226 Thread 0x00000181f81efec0 Thread exited: 0x00000181f81efec0
Event: 21356.271 Thread 0x00000181d7ce3d00 Thread exited: 0x00000181d7ce3d00
Event: 21356.273 Thread 0x00000180aa88a450 Thread exited: 0x00000180aa88a450
Event: 21359.500 Thread 0x00000181b78b5fc0 Thread added: 0x00000181e233b1a0
Event: 21359.500 Thread 0x00000181dc9451e0 Thread added: 0x00000181f81ef6f0
Event: 21359.501 Thread 0x00000181dca7c4f0 Thread added: 0x00000181b78b38b0
Event: 21359.501 Thread 0x00000181e202be10 Thread added: 0x000001819101ce50
Event: 21409.455 Thread 0x0000018190ebfa10 Thread added: 0x000001819101f560


Dynamic libraries:
0x00007ff76d6a0000 - 0x00007ff76d810000 	C:\Program Files\JetBrains\IntelliJ IDEA 2026.1\bin\idea64.exe
0x00007ffa9d880000 - 0x00007ffa9dae7000 	C:\WINDOWS\SYSTEM32\ntdll.dll
0x00007ffa9cbf0000 - 0x00007ffa9ccb9000 	C:\WINDOWS\System32\KERNEL32.DLL
0x00007ffa9abd0000 - 0x00007ffa9afc4000 	C:\WINDOWS\System32\KERNELBASE.dll
0x00007ffa9c690000 - 0x00007ffa9c768000 	C:\WINDOWS\System32\oleaut32.dll
0x00007ffa9b330000 - 0x00007ffa9b3d3000 	C:\WINDOWS\System32\msvcp_win.dll
0x00007ffa9b410000 - 0x00007ffa9b55b000 	C:\WINDOWS\System32\ucrtbase.dll
0x00007ffa9b9b0000 - 0x00007ffa9bd32000 	C:\WINDOWS\System32\combase.dll
0x00007ffa9b890000 - 0x00007ffa9b9a8000 	C:\WINDOWS\System32\RPCRT4.dll
0x00007ffa9c970000 - 0x00007ffa9cb35000 	C:\WINDOWS\System32\user32.dll
0x00007ffa9b3e0000 - 0x00007ffa9b407000 	C:\WINDOWS\System32\win32u.dll
0x00007ffa9b610000 - 0x00007ffa9b63b000 	C:\WINDOWS\System32\GDI32.dll
0x00007ffa9afd0000 - 0x00007ffa9b0fb000 	C:\WINDOWS\System32\gdi32full.dll
0x00007ffa9bf20000 - 0x00007ffa9c687000 	C:\WINDOWS\System32\shell32.dll
0x00007ffa9b100000 - 0x00007ffa9b26a000 	C:\WINDOWS\System32\wintypes.dll
0x00007ffa9b7d0000 - 0x00007ffa9b886000 	C:\WINDOWS\System32\advapi32.dll
0x00007ffa99620000 - 0x00007ffa99653000 	C:\WINDOWS\SYSTEM32\userenv.dll
0x00007ffa9c830000 - 0x00007ffa9c8d9000 	C:\WINDOWS\System32\msvcrt.dll
0x00007ffa9cb40000 - 0x00007ffa9cbe7000 	C:\WINDOWS\System32\sechost.dll
0x00007ffa9b560000 - 0x00007ffa9b605000 	C:\WINDOWS\System32\bcryptprimitives.dll
0x00007ffa98080000 - 0x00007ffa982c2000 	C:\WINDOWS\SYSTEM32\dbghelp.dll
0x00007ffa8d250000 - 0x00007ffa8d286000 	C:\WINDOWS\SYSTEM32\WINMM.dll
0x00007ffa9d7a0000 - 0x00007ffa9d7d2000 	C:\WINDOWS\System32\IMM32.DLL
0x00007ffa9a150000 - 0x00007ffa9a9b8000 	C:\WINDOWS\System32\windows.storage.dll
0x00007ffa9b6d0000 - 0x00007ffa9b7c8000 	C:\WINDOWS\System32\SHCORE.dll
0x00007ffa9b660000 - 0x00007ffa9b6c6000 	C:\WINDOWS\System32\shlwapi.dll
0x00007ffa9a070000 - 0x00007ffa9a099000 	C:\WINDOWS\SYSTEM32\profapi.dll
0x00007ffa99120000 - 0x00007ffa99156000 	C:\WINDOWS\SYSTEM32\ntmarta.dll
0x00007ff9b0aa0000 - 0x00007ff9b19f2000 	C:\Program Files\JetBrains\IntelliJ IDEA 2026.1\jbr\bin\server\jvm.dll
0x00007ffa9d4d0000 - 0x00007ffa9d550000 	C:\WINDOWS\System32\WS2_32.dll
0x00007ffa98d50000 - 0x00007ffa98dae000 	C:\WINDOWS\SYSTEM32\POWRPROF.dll
0x00007ffa91600000 - 0x00007ffa9160b000 	C:\WINDOWS\SYSTEM32\VERSION.dll
0x00007ffa57d60000 - 0x00007ffa57d7e000 	C:\Program Files\JetBrains\IntelliJ IDEA 2026.1\jbr\bin\VCRUNTIME140.dll
0x00007ffa57d50000 - 0x00007ffa57d5c000 	C:\Program Files\JetBrains\IntelliJ IDEA 2026.1\jbr\bin\VCRUNTIME140_1.dll
0x00007ffa98d30000 - 0x00007ffa98d44000 	C:\WINDOWS\SYSTEM32\UMPDC.dll
0x00007ffa57d40000 - 0x00007ffa57d4a000 	C:\Program Files\JetBrains\IntelliJ IDEA 2026.1\jbr\bin\jimage.dll
0x00007ffa83a00000 - 0x00007ffa83a3b000 	C:\WINDOWS\SYSTEM32\dbgcore.DLL
0x00007ffa57d30000 - 0x00007ffa57d40000 	C:\Program Files\JetBrains\IntelliJ IDEA 2026.1\jbr\bin\instrument.dll
0x00007ffa57cf0000 - 0x00007ffa57d07000 	C:\Program Files\JetBrains\IntelliJ IDEA 2026.1\jbr\bin\jli.dll
0x00007ffa57d10000 - 0x00007ffa57d2f000 	C:\Program Files\JetBrains\IntelliJ IDEA 2026.1\jbr\bin\java.dll
0x00007ffa9bd80000 - 0x00007ffa9bf17000 	C:\WINDOWS\System32\ole32.dll
0x00007ffa59ee0000 - 0x00007ffa59f95000 	C:\WINDOWS\WinSxS\amd64_microsoft.windows.common-controls_6595b64144ccf1df_5.82.26100.8115_none_87ecef177a2e8a19\COMCTL32.dll
0x00007ffa57cd0000 - 0x00007ffa57ce7000 	C:\Program Files\JetBrains\IntelliJ IDEA 2026.1\jbr\bin\zip.dll
0x00007ffa99000000 - 0x00007ffa9901b000 	C:\WINDOWS\SYSTEM32\kernel.appcore.dll
0x00007ffa57cb0000 - 0x00007ffa57cc2000 	C:\Program Files\JetBrains\IntelliJ IDEA 2026.1\jbr\bin\net.dll
0x00007ffa99570000 - 0x00007ffa995dc000 	C:\WINDOWS\system32\mswsock.dll
0x00007ffa57c90000 - 0x00007ffa57ca6000 	C:\Program Files\JetBrains\IntelliJ IDEA 2026.1\jbr\bin\nio.dll
0x00007ffa57c80000 - 0x00007ffa57c90000 	C:\Program Files\JetBrains\IntelliJ IDEA 2026.1\jbr\bin\verify.dll
0x00007ffa57c70000 - 0x00007ffa57c7a000 	C:\Program Files\JetBrains\IntelliJ IDEA 2026.1\jbr\bin\management.dll
0x00007ffa57c60000 - 0x00007ffa57c6c000 	C:\Program Files\JetBrains\IntelliJ IDEA 2026.1\jbr\bin\management_ext.dll
0x00007ffa9ccc0000 - 0x00007ffa9ccc8000 	C:\WINDOWS\System32\PSAPI.DLL
0x00007ffa74ee0000 - 0x00007ffa74ef8000 	C:\WINDOWS\system32\napinsp.dll
0x00007ffa98890000 - 0x00007ffa989c2000 	C:\WINDOWS\SYSTEM32\DNSAPI.dll
0x00007ffa98850000 - 0x00007ffa98882000 	C:\WINDOWS\SYSTEM32\IPHLPAPI.DLL
0x00007ffa9c960000 - 0x00007ffa9c96a000 	C:\WINDOWS\System32\NSI.dll
0x00007ffa74fd0000 - 0x00007ffa74fe3000 	C:\WINDOWS\System32\winrnr.dll
0x00007ffa74fa0000 - 0x00007ffa74fc2000 	C:\WINDOWS\system32\nlansp_c.dll
0x00007ffa8ffb0000 - 0x00007ffa8ffc6000 	C:\WINDOWS\system32\wshbth.dll
0x00007ffa8f920000 - 0x00007ffa8f92b000 	C:\Windows\System32\rasadhlp.dll
0x00007ffa91720000 - 0x00007ffa917a6000 	C:\WINDOWS\System32\fwpuclnt.dll
0x00007ffa99850000 - 0x00007ffa9986b000 	C:\WINDOWS\SYSTEM32\CRYPTSP.dll
0x00007ffa98f60000 - 0x00007ffa98f99000 	C:\WINDOWS\system32\rsaenh.dll
0x00007ffa9a040000 - 0x00007ffa9a06a000 	C:\WINDOWS\SYSTEM32\bcrypt.dll
0x00007ffa99870000 - 0x00007ffa9987c000 	C:\WINDOWS\SYSTEM32\CRYPTBASE.dll
0x00007ff9bffe0000 - 0x00007ff9c016e000 	C:\Program Files\JetBrains\IntelliJ IDEA 2026.1\jbr\bin\awt.dll
0x00007ffa950a0000 - 0x00007ffa950cf000 	C:\WINDOWS\SYSTEM32\dwmapi.dll
0x00007ffa8c570000 - 0x00007ffa8c5e6000 	C:\WINDOWS\SYSTEM32\OLEACC.dll
0x00007ffa57c10000 - 0x00007ffa57c54000 	C:\Program Files\JetBrains\IntelliJ IDEA 2026.1\jbr\bin\nvdaControllerClient64.dll
0x00007ffa57a00000 - 0x00007ffa57a89000 	C:\Program Files\JetBrains\IntelliJ IDEA 2026.1\jbr\bin\MSVCP140.dll
0x00007ffa94d20000 - 0x00007ffa94dbf000 	C:\WINDOWS\SYSTEM32\apphelp.dll
0x00007ffa57c00000 - 0x00007ffa57c0e000 	C:\Program Files\JetBrains\IntelliJ IDEA 2026.1\jbr\bin\sunmscapi.dll
0x00007ffa9aa50000 - 0x00007ffa9abc7000 	C:\WINDOWS\System32\CRYPT32.dll
0x00007ffa99a70000 - 0x00007ffa99aa0000 	C:\WINDOWS\SYSTEM32\ncrypt.dll
0x00007ffa99a20000 - 0x00007ffa99a5f000 	C:\WINDOWS\SYSTEM32\NTASN1.dll
0x00007ffa57bf0000 - 0x00007ffa57bf9000 	C:\Program Files\JetBrains\IntelliJ IDEA 2026.1\jbr\bin\prefs.dll
0x00007ffa62930000 - 0x00007ffa62938000 	C:\WINDOWS\system32\wshunix.dll
0x00007ffa57be0000 - 0x00007ffa57be9000 	C:\Program Files\JetBrains\IntelliJ IDEA 2026.1\jbr\bin\extnet.dll
0x00007ffa94e30000 - 0x00007ffa94ed9000 	C:\WINDOWS\system32\uxtheme.dll
0x00007ffa301b0000 - 0x00007ffa302e1000 	C:\ProgramData\A-Volute\DellInc.AlienwareSoundCenter\Modules\ScheduledModules\x64\AudioDevProps2.dll
0x00007ffa502b0000 - 0x00007ffa502f9000 	C:\Program Files\JetBrains\IntelliJ IDEA 2026.1\lib\jna\amd64\jnidispatch.dll
0x00007ffa354c0000 - 0x00007ffa3556e000 	C:\ProgramData\A-Volute\DellInc.AlienwareSoundCenter\Modules\ScheduledModules\x64\NahimicOSD.dll
0x00007ffa35680000 - 0x00007ffa356a1000 	C:\ProgramData\A-Volute\DellInc.AlienwareSoundCenter\Modules\ScheduledModules\x64\ProductInfo.dll
0x00007ffa9d640000 - 0x00007ffa9d79c000 	C:\WINDOWS\System32\MSCTF.dll
0x00007ffa4b460000 - 0x00007ffa4b4e7000 	C:\Program Files\JetBrains\IntelliJ IDEA 2026.1\jbr\bin\freetype.dll
0x00007ff9c0b70000 - 0x00007ff9c0c62000 	C:\Program Files\JetBrains\IntelliJ IDEA 2026.1\jbr\bin\fontmanager.dll
0x00007ffa94dd0000 - 0x00007ffa94df9000 	C:\WINDOWS\system32\Wtsapi32.dll
0x00007ffa992a0000 - 0x00007ffa992e9000 	C:\WINDOWS\SYSTEM32\SspiCli.dll
0x00007ffa989d0000 - 0x00007ffa98a32000 	C:\WINDOWS\SYSTEM32\WINSTA.dll
0x00007ffa87290000 - 0x00007ffa8739f000 	C:\WINDOWS\system32\opengl32.dll
0x00007ffa8bb10000 - 0x00007ffa8bb3d000 	C:\WINDOWS\SYSTEM32\GLU32.dll
0x00007ffa95150000 - 0x00007ffa95193000 	C:\WINDOWS\SYSTEM32\dxcore.dll
0x00007ffa5a9d0000 - 0x00007ffa5aba8000 	C:\WINDOWS\WinSxS\amd64_microsoft.windows.gdiplus_6595b64144ccf1df_1.1.26100.8246_none_6ef5395a3dc52f61\gdiplus.dll
0x00007ffa998c0000 - 0x00007ffa998d3000 	C:\WINDOWS\SYSTEM32\MSASN1.dll
0x00007ffa57ba0000 - 0x00007ffa57bd8000 	C:\Program Files\JetBrains\IntelliJ IDEA 2026.1\bin\WinShellIntegrationBridge.dll
0x00007ff973040000 - 0x00007ff973d93000 	C:\Program Files\JetBrains\IntelliJ IDEA 2026.1\lib\skiko-awt-runtime-all\skiko-windows-x64.dll
0x00007ffa92d30000 - 0x00007ffa92e33000 	C:\WINDOWS\SYSTEM32\PROPSYS.dll
0x00007ffa995e0000 - 0x00007ffa99610000 	C:\WINDOWS\SYSTEM32\gpapi.dll
0x00007ffa8ef40000 - 0x00007ffa8ef7b000 	C:\WINDOWS\SYSTEM32\cryptnet.dll
0x00007ffa950e0000 - 0x00007ffa950ee000 	C:\WINDOWS\SYSTEM32\WINNSI.DLL
0x00007ffa9c770000 - 0x00007ffa9c81e000 	C:\WINDOWS\System32\clbcatq.dll
0x00007ffa3c670000 - 0x00007ffa3c71b000 	C:\Windows\System32\appresolver.dll
0x00007ffa3bca0000 - 0x00007ffa3bcfe000 	C:\Windows\System32\Bcp47Langs.dll
0x00007ffa9c8e0000 - 0x00007ffa9c95c000 	C:\WINDOWS\System32\coml2.dll
0x00007ffa99db0000 - 0x00007ffa99e01000 	C:\WINDOWS\SYSTEM32\CFGMGR32.dll
0x00007ffa84170000 - 0x00007ffa8434f000 	C:\Windows\System32\urlmon.dll
0x00007ffa83be0000 - 0x00007ffa83ea4000 	C:\Windows\System32\iertutil.dll
0x00007ffa98a90000 - 0x00007ffa98a9d000 	C:\Windows\System32\netutils.dll
0x00007ffa8d1f0000 - 0x00007ffa8d219000 	C:\Windows\System32\srvcli.dll
0x00007ffa4ada0000 - 0x00007ffa4ae60000 	C:\Windows\System32\Windows.FileExplorer.Common.dll
0x00007ffa90cb0000 - 0x00007ffa90ccb000 	C:\WINDOWS\system32\NetworkExplorer.dll
0x00007ffa2fc60000 - 0x00007ffa2fc6f000 	C:\WINDOWS\SYSTEM32\LINKINFO.dll
0x00007ffa30090000 - 0x00007ffa30136000 	C:\WINDOWS\SYSTEM32\ntshrui.dll
0x00007ffa64460000 - 0x00007ffa64473000 	C:\WINDOWS\SYSTEM32\cscapi.dll
0x00007ffa92ff0000 - 0x00007ffa930a4000 	C:\WINDOWS\SYSTEM32\policymanager.dll
0x00007ffa8dee0000 - 0x00007ffa8e028000 	C:\WINDOWS\SYSTEM32\textinputframework.dll
0x00007ffa94930000 - 0x00007ffa94a57000 	C:\WINDOWS\SYSTEM32\CoreMessaging.dll
0x00007ffa778d0000 - 0x00007ffa77bb2000 	C:\WINDOWS\SYSTEM32\CoreUIComponents.dll
0x00007ffa77570000 - 0x00007ffa77803000 	C:\WINDOWS\WinSxS\amd64_microsoft.windows.common-controls_6595b64144ccf1df_6.0.26100.8115_none_3e075c82e3354f9c\comctl32.dll
0x00007ffa93560000 - 0x00007ffa9378e000 	C:\WINDOWS\SYSTEM32\WindowsCodecs.dll
0x00007ffa3a2b0000 - 0x00007ffa3a30a000 	C:\WINDOWS\system32\dataexchange.dll
0x00007ffa8bed0000 - 0x00007ffa8c11d000 	C:\WINDOWS\system32\twinapi.appcore.dll
0x00007ffa90f50000 - 0x00007ffa9107d000 	C:\WINDOWS\System32\winhttp.dll
0x00007ffa916a0000 - 0x00007ffa916bd000 	C:\WINDOWS\SYSTEM32\dhcpcsvc6.DLL
0x00007ffa91320000 - 0x00007ffa91345000 	C:\WINDOWS\SYSTEM32\dhcpcsvc.DLL
0x0000000000cb0000 - 0x0000000000d34000 	C:\Users\youoi\AppData\Local\Temp\liblz4-java-1746292176764918066.so
0x00007ff9720a0000 - 0x00007ff973037000 	C:\Users\youoi\AppData\Local\Temp\catboost4j-prediction4784905163649339567.dll
0x00007ffa77550000 - 0x00007ffa77562000 	C:\WINDOWS\system32\wbem\wbemprox.dll
0x00007ffa83810000 - 0x00007ffa8388a000 	C:\WINDOWS\SYSTEM32\wbemcomn.dll

JVMTI agents:
C:\Program Files\JetBrains\PyCharm 2024.2.3\ja-netfilter\ja-netfilter.jar path:C:\Program Files\JetBrains\IntelliJ IDEA 2026.1\jbr\bin\instrument.dll, loaded, initialized, instrumentlib options:jetbrains

dbghelp: loaded successfully - version: 4.0.5 - missing functions: none
symbol engine: initialized successfully - sym options: 0x614 - pdb path: .;C:\Program Files\JetBrains\IntelliJ IDEA 2026.1\bin;C:\WINDOWS\SYSTEM32;C:\Program Files\JetBrains\IntelliJ IDEA 2026.1\jbr\bin\server;C:\Program Files\JetBrains\IntelliJ IDEA 2026.1\jbr\bin;C:\WINDOWS\WinSxS\amd64_microsoft.windows.common-controls_6595b64144ccf1df_5.82.26100.8115_none_87ecef177a2e8a19;C:\ProgramData\A-Volute\DellInc.AlienwareSoundCenter\Modules\ScheduledModules\x64;C:\Program Files\JetBrains\IntelliJ IDEA 2026.1\lib\jna\amd64;C:\WINDOWS\WinSxS\amd64_microsoft.windows.gdiplus_6595b64144ccf1df_1.1.26100.8246_none_6ef5395a3dc52f61;C:\Program Files\JetBrains\IntelliJ IDEA 2026.1\lib\skiko-awt-runtime-all;C:\WINDOWS\WinSxS\amd64_microsoft.windows.common-controls_6595b64144ccf1df_6.0.26100.8115_none_3e075c82e3354f9c;C:\Users\youoi\AppData\Local\Temp;C:\WINDOWS\system32\wbem;C:\ProgramData\Microsoft\Windows Defender\Platform\4.18.26030.3011-0;C:\Users\youoi\AppData\Local\JetBrains\IntelliJIdea2026.1\tmp;C:\Program Files\JetBrains\IntelliJ IDEA 2026.1\lib\pty4j\win\x86-64

VM Arguments:
jvm_args: abort vfprintf -XX:ErrorFile=C:\Users\youoi\java_error_in_idea_%p.log -XX:HeapDumpPath=C:\Users\youoi\java_error_in_idea.hprof -Xms128m -Xmx2048m -XX:JbrShrinkingGcMaxHeapFreeRatio=40 -XX:ReservedCodeCacheSize=512m -XX:+HeapDumpOnOutOfMemoryError -XX:-OmitStackTraceInFastThrow -XX:CICompilerCount=2 -XX:+IgnoreUnrecognizedVMOptions -XX:+UnlockDiagnosticVMOptions -XX:TieredOldPercentage=100000 -ea -Dsun.io.useCanonCaches=false -Dsun.java2d.metal=true -Djbr.catch.SIGABRT=true -Djdk.http.auth.tunneling.disabledSchemes="" -Djdk.attach.allowAttachSelf=true -Djdk.module.illegalAccess.silent=true -Djdk.nio.maxCachedBufferSize=2097152 -Djava.util.zip.use.nio.for.zip.file.access=true -Dkotlinx.coroutines.debug=off -Dskiko.rendering.useScreenMenuBar=false -Djava.nio.file.spi.DefaultFileSystemProvider=com.intellij.platform.core.nio.fs.MultiRoutingFileSystemProvider -Xms128m -Xmx1024m -XX:ReservedCodeCacheSize=512m -XX:+IgnoreUnrecognizedVMOptions -XX:+UseG1GC -XX:SoftRefLRUPolicyMSPerMB=50 -XX:CICompilerCount=2 -XX:+HeapDumpOnOutOfMemoryError -XX:-OmitStackTraceInFastThrow -ea -Dsun.io.useCanonCaches=false -Djdk.http.auth.tunneling.disabledSchemes="" -Djdk.attach.allowAttachSelf=true -Djdk.module.illegalAccess.silent=true -Dkotlinx.coroutines.debug=off -XX:ErrorFile=$USER_HOME/java_error_in_idea_%p.log -XX:HeapDumpPath=$USER_HOME/java_error_in_idea.hprof --add-opens=java.base/jdk.internal.org.objectweb.asm=ALL-UNNAMED --add-opens=java.base/jdk.internal.org.objectweb.asm.tree=ALL-UNNAMED -javaagent:C:\Program Files\JetBrains\PyCharm 2024.2.3\ja-netfilter\ja-netfilter.jar=jetbrains -Djb.vmOptionsFile=C:\Program Files\JetBrains\PyCharm 2024.2.3\ja-netfilter\vmoptions\idea.vmoptions -Xbootclasspath/a:C:\Program Files\JetBrains\IntelliJ IDEA 2026.1\lib\nio-fs.jar -Djava.system.class.loader=com.intellij.util.lang.PathClassLoader -Didea.vendor.name=JetBrains -Didea.paths.selector=IntelliJIdea2026.1 -Djna.boot.library.path=C:\Program Files\JetBrains\IntelliJ IDEA 2026.1/lib/jna/amd64 -Djna.nosys=true -Djna.noclasspath=true -Dpty4j.preferred.native.folder=C:\Program Files\JetBrains\IntelliJ IDEA 2026.1/lib/pty4j -Dio.netty.allocator.type=pooled -Dskiko.library.path=C:\Program Files\JetBrains\IntelliJ IDEA 2026.1/lib/skiko-awt-runtime-all -Dintellij.platform.runtime.repository.path=C:\Program Files\JetBrains\IntelliJ IDEA 2026.1/modules/module-descriptors.dat -Dsplash=true -Daether.connector.resumeDownloads=false -Dcompose.swing.render.on.graphics=true --enable-native-access=ALL-UNNAMED --add-opens=java.base/java.io=ALL-UNNAMED --add-opens=java.base/java.lang=ALL-UNNAMED --add-opens=java.base/java.lang.ref=ALL-UNNAMED --add-opens=java.base/java.lang.reflect=ALL-UNNAMED --add-opens=java.base/java.net=ALL-UNNAMED --add-opens=java.base/java.nio=ALL-UNNAMED --add-opens=java.base/java.nio.charset=ALL-UNNAMED --add-opens=java.base/java.text=ALL-UNNAMED --add-opens=java.base/java.time=ALL-UNNAMED --add-opens=java.base/java.util=ALL-UNNAMED --add-opens=java.base/java.util.concurrent=ALL-UNNAMED --add-opens=java.base/java.util.concurrent.atomic=ALL-UNNAMED --add-opens=java.base/java.util.concurrent.locks=ALL-UNNAMED --add-opens=java.base/jdk.internal.ref=ALL-UNNAMED --add-opens=java.base/jdk.internal.vm=ALL-UNNAMED --add-opens=java.base/sun.net.dns=ALL-UNNAMED --add-opens=java.base/sun.nio=ALL-UNNAMED --add-opens=java.base/sun.nio.ch=ALL-UNNAMED --add-opens=java.base/sun.nio.fs=ALL-UNNAMED --add-opens=java.base/sun.security.ssl=ALL-UNNAMED --add-opens=java.base/sun.security.util=ALL-UNNAMED --add-opens=java.desktop/com.sun.java.swing=ALL-UNNAMED --add-opens=java.desktop/java.awt=ALL-UNNAMED --add-opens=java.desktop/java.awt.dnd.peer=ALL-UNNAMED --add-opens=java.desktop/java.awt.event=ALL-UNNAMED --add-opens=java.desktop/java.awt.font=ALL-UNNAMED --add-opens=java.desktop/java.awt.image=ALL-UNNAMED --add-opens=java.desktop/java.awt.peer=ALL-UNNAMED --add-opens=java.desktop/javax.swing=ALL-UNNAMED --add-opens=java.desktop/javax.swing.plaf.basic=ALL-UNNAMED --add-opens=java.desktop/javax.swing.text=ALL-UNNAMED --add-opens=java.desktop/javax.swing.text.html=ALL-UNNAMED --add-opens=java.desktop/javax.swing.text.html.parser=ALL-UNNAMED --add-opens=java.desktop/sun.awt=ALL-UNNAMED --add-opens=java.desktop/sun.awt.datatransfer=ALL-UNNAMED --add-opens=java.desktop/sun.awt.image=ALL-UNNAMED --add-opens=java.desktop/sun.awt.windows=ALL-UNNAMED --add-opens=java.desktop/sun.font=ALL-UNNAMED --add-opens=java.desktop/sun.java2d=ALL-UNNAMED --add-opens=java.desktop/sun.swing=ALL-UNNAMED --add-opens=java.management/sun.management=ALL-UNNAMED --add-opens=jdk.attach/sun.tools.attach=ALL-UNNAMED --add-opens=jdk.compiler/com.sun.tools.javac.api=ALL-UNNAMED --add-opens=jdk.internal.jvmstat/sun.jvmstat.monitor=ALL-UNNAMED --add-opens=jdk.jdi/com.sun.tools.jdi=ALL-UNNAMED -Dide.native.launcher=true -Djcef.sandbox.ptr=00000180D0E723E0 -Djcef.sandbox.cefVersion=122.1.9+gd14e051+chromium-122.0.6261.94 
java_command: com.intellij.idea.Main D:\Graduation_Project\Backend\interviewApp
java_class_path (initial): C:\Program Files\JetBrains\IntelliJ IDEA 2026.1\lib\platform-loader.jar;C:\Program Files\JetBrains\IntelliJ IDEA 2026.1\lib\util-8.jar;C:\Program Files\JetBrains\IntelliJ IDEA 2026.1\lib\app.jar;C:\Program Files\JetBrains\IntelliJ IDEA 2026.1\lib\util.jar;C:\Program Files\JetBrains\IntelliJ IDEA 2026.1\lib\product-backend.jar;C:\Program Files\JetBrains\IntelliJ IDEA 2026.1\lib\app-backend.jar;C:\Program Files\JetBrains\IntelliJ IDEA 2026.1\lib\annotations.jar;C:\Program Files\JetBrains\IntelliJ IDEA 2026.1\lib\eclipse.lsp4j.debug.jar;C:\Program Files\JetBrains\IntelliJ IDEA 2026.1\lib\eclipse.lsp4j.jar;C:\Program Files\JetBrains\IntelliJ IDEA 2026.1\lib\eclipse.lsp4j.jsonrpc.debug.jar;C:\Program Files\JetBrains\IntelliJ IDEA 2026.1\lib\eclipse.lsp4j.jsonrpc.jar;C:\Program Files\JetBrains\IntelliJ IDEA 2026.1\lib\external-system-rt.jar;C:\Program Files\JetBrains\IntelliJ IDEA 2026.1\lib\externalProcess-rt.jar;C:\Program Files\JetBrains\IntelliJ IDEA 2026.1\lib\fleet.andel.jar;C:\Program Files\JetBrains\IntelliJ IDEA 2026.1\lib\fleet.bifurcan.jar;C:\Program Files\JetBrains\IntelliJ IDEA 2026.1\lib\fleet.fastutil.jar;C:\Program Files\JetBrains\IntelliJ IDEA 2026.1\lib\fleet.kernel.jar;C:\Program Files\JetBrains\IntelliJ IDEA 2026.1\lib\fleet.multiplatform.shims.jar;C:\Program Files\JetBrains\IntelliJ IDEA 2026.1\lib\fleet.reporting.api.jar;C:\Program Files\JetBrains\IntelliJ IDEA 2026.1\lib\fleet.reporting.shared.jar;C:\Program Files\JetBrains\IntelliJ IDEA 2026.1\lib\fleet.rhizomedb.jar;C:\Program Files\JetBrains\IntelliJ IDEA 2026.1\lib\fleet.rhizomedb.transactor.jar;C:\Program Files\JetBrains\IntelliJ IDEA 2026.1\lib\fleet.rhizomedb.transactor.rebase.jar;C:\Program Files\JetBrains\IntelliJ IDEA 2026.1\lib\fleet.rpc.jar;C:\Program Files\JetBrains\IntelliJ IDEA 2026.1\lib\fleet.rpc.server.jar;C:\Program Files\JetBrains\IntelliJ IDEA 2026.1\lib\fleet.util.codepoints.jar;C:\Program Files\JetBrains\IntelliJ IDEA 2026.1\lib\fleet.util.core.jar;C:\Program Files\JetBrains\IntelliJ IDEA 2026.1\lib\fleet.util.logging.api.jar;C:\Program Files\JetBrains\IntelliJ IDEA 2026.1\lib\fleet.util.serialization.jar;C:\Program Files\JetBrains\IntelliJ IDEA 2026.1\lib\forms_rt.jar;C:\Program Files\JetBrains\IntelliJ IDEA 2026.1\lib\groovy.jar;C:\Program Files\JetBrains\IntelliJ IDEA 2026.1\lib\idea_rt.jar;C:\Program Files\JetBrains\IntelliJ IDEA 2026.1\lib\intellij-test-discovery.jar;C:\Program Files\JetBrains\IntelliJ IDEA 2026.1\lib\intellij.libraries.aalto.xml.jar;C:\Program Files\JetBrains\IntelliJ IDEA 2026.1\lib\intellij.libraries.asm.jar;C:\Program Files\JetBrains\IntelliJ IDEA 2026.1\lib\intellij.libraries.asm.tools.jar;C:\Program Files\JetBrains\IntelliJ IDEA 2026.1\lib\intellij.libraries.automaton.jar;C:\Program Files\JetBrains\IntelliJ IDEA 2026.1\lib\intellij.libraries.batik.jar;C:\Program Files\JetBrains\IntelliJ IDEA 2026.1\lib\intellij.libraries.blockmap.jar;C:\Program Files\JetBrains\IntelliJ IDEA 2026.1\lib\intellij.libraries.bouncy.castle.pgp.jar;C:\Program Files\JetBrains\IntelliJ IDEA 2026.1\lib\intellij.libraries.bouncy.castle.provider.jar;C:\Program Files\JetBrains\IntelliJ IDEA 2026.1\lib\intellij.libraries.caffeine.jar;C:\Program Files\JetBrains\IntelliJ IDEA 2026.1\lib\intellij.libraries.cglib.jar;C:\Program Files\JetBrains\IntelliJ IDEA 2026.1\lib\intellij.libraries.classgraph.jar;C:\Program Files\JetBrains\IntelliJ IDEA 2026.1\lib\intellij.libraries.cli.parser.jar;C:\Program Files\JetBrains\IntelliJ IDEA 2026.1\lib\intellij.libraries.commons.cli.jar;C:\Program Files\JetBrains\IntelliJ IDEA 2026.1\lib\intellij.libraries.commons.codec.jar;C:\Program Files\JetBrains\IntelliJ IDEA 2026.1\lib\intellij.libraries.commons.compress.jar;C:\Program Files\JetBrains\IntelliJ IDEA 2026.1\lib\intellij.libraries.commons.imaging.jar;C:\Program Files\JetBrains\IntelliJ IDEA 2026.1\lib\intellij.libraries.commons.io.jar;C:\Program Files\JetBrains\IntelliJ IDEA 2026.1\lib\intellij.libraries.commons.lang3.jar;C:\Program Files\JetBrains\IntelliJ IDEA 2026.1\lib\intellij.libraries.commons.logging.jar;C:\Program Files\JetBrains\IntelliJ IDEA 2026.1\lib\intellij.libraries.fastutil.jar;C:\Program Files\JetBrains\IntelliJ IDEA 2026.1\lib\intellij.libraries.gson.jar;C:\Program Files\JetBrains\IntelliJ IDEA 2026.1\lib\intellij.libraries.guava.jar;C:\Program Files\JetBrains\IntelliJ IDEA 2026.1\lib\intellij.libraries.hash4j.jar;C:\Program Files\JetBrains\IntelliJ IDEA 2026.1\lib\intellij.libraries.hdr.histogram.jar;C:\Program Files\JetBrains\IntelliJ IDEA 2026.1\lib\intellij.libraries.http.client.jar;C:\Program Files\JetBrains\IntelliJ IDEA 2026.1\lib\intellij.libraries.icu4j.jar;C:\Program Files\JetBrains\IntelliJ IDEA 2026.1\lib\intellij.libraries.imgscalr.jar;C:\Program Files\JetBrains\IntelliJ IDEA 2026.1\lib\intellij.libraries.ini4j.jar;C:\Program Files\JetBrains\IntelliJ IDEA 2026.1\lib\intellij.libraries.ion.jar;C:\Program Files\JetBrains\IntelliJ IDEA 2026.1\lib\intellij.libraries.jackson.databind.jar;C:\Program Files\JetBrains\IntelliJ IDEA 2026.1\lib\intellij.libraries.jackson.dataformat.yaml.jar;C:\Program Files\JetBrains\IntelliJ IDEA 2026.1\lib\intellij.libraries.jackson.jar;C:\Program Files\JetBrains\IntelliJ IDEA 2026.1\lib\intellij.libraries.jackson.jr.objects.jar;C:\Program Files\JetBrains\IntelliJ IDEA 2026.1\lib\intellij.libraries.jackson.module.kotlin.jar;C:\Program Files\JetBrains\IntelliJ IDEA 2026.1\lib\intellij.libraries.java.websocket.jar;C:\Program Files\JetBrains\IntelliJ IDEA 2026.1\lib\intellij.libraries.javax.annotation.jar;C:\Program Files\JetBrains\IntelliJ IDEA 2026.1\lib\intellij.libraries.jaxen.jar;C:\Program Files\JetBrains\IntelliJ IDEA 2026.1\lib\intellij.libraries.jbr.jar;C:\Program Files\JetBrains\IntelliJ IDEA 2026.1\lib\intellij.libraries.jcef.jar;C:\Program Files\JetBrains\IntelliJ IDEA 2026.1\lib\intellij.libraries.jcip.jar;C:\Program Files\JetBrains\IntelliJ IDEA 2026.1\lib\intellij.libraries.jediterm.core.jar;C:\Program Files\JetBrains\IntelliJ IDEA 2026.1\lib\intellij.libraries.jediterm.ui.jar;C:\Program Files\JetBrains\IntelliJ IDEA 2026.1\lib\intellij.libraries.jettison.jar;C:\Program Files\JetBrains\IntelliJ IDEA 2026.1\lib\intellij.libraries.jgoodies.binding.jar;C:\Program Files\JetBrains\IntelliJ IDEA 2026.1\lib\intellij.libraries.jgoodies.common.jar;C:\Program Files\JetBrains\IntelliJ IDEA 2026.1\lib\intellij.libraries.jgoodies.forms.jar;C:\Program Files\JetBrains\IntelliJ IDEA 2026.1\lib\intellij.libraries.jsonpath.jar;C:\Program Files\JetBrains\IntelliJ IDEA 2026.1\lib\intellij.libraries.jsoup.jar;C:\Program Files\JetBrains\IntelliJ IDEA 2026.1\lib\intellij.libraries.jsvg.jar;C:\Program Files\JetBrains\IntelliJ IDEA 2026.1\lib\intellij.libraries.jvm.native.trusted.roots.jar;C:\Program Files\JetBrains\IntelliJ IDEA 2026.1\lib\intellij.libraries.jzlib.jar;C:\Program Files\JetBrains\IntelliJ IDEA 2026.1\lib\intellij.libraries.kotlin.reflect.jar;C:\Program Files\JetBrains\IntelliJ IDEA 2026.1\lib\intellij.libraries.kotlinx.collections.immutable.jar;C:\Program Files\JetBrains\IntelliJ IDEA 2026.1\lib\intellij.libraries.kotlinx.coroutines.core.jar;C:\Program Files\JetBrains\IntelliJ IDEA 2026.1\lib\intellij.libraries.kotlinx.coroutines.debug.jar;C:\Program Files\JetBrains\IntelliJ IDEA 2026.1\lib\intellij.libraries.kotlinx.coroutines.slf4j.jar;C:\Program Files\JetBrains\IntelliJ IDEA 2026.1\lib\intellij.libraries.kotlinx.datetime.jar;C:\Program Files\JetBrains\IntelliJ IDEA 2026.1\lib\intellij.libraries.kotlinx.html.jar;C:\Program Files\JetBrains\IntelliJ IDEA 2026.1\lib\intellij.libraries.kotlinx.io.jar;C:\Program Files\JetBrains\IntelliJ IDEA 2026.1\lib\intellij.libraries.kotlinx.serialization.cbor.jar;C:\Program Files\JetBrains\IntelliJ IDEA 2026.1\lib\intellij.libraries.kotlinx.serialization.core.jar;C:\Program Files\JetBrains\IntelliJ IDEA 2026.1\lib\intellij.libraries.kotlinx.serialization.json.jar;C:\Program Files\JetBrains\IntelliJ IDEA 2026.1\lib\intellij.libraries.kotlinx.serialization.protobuf.jar;C:\Program Files\JetBrains\IntelliJ IDEA 2026.1\lib\intellij.libraries.kryo5.jar;C:\Program Files\JetBrains\IntelliJ IDEA 2026.1\lib\intellij.libraries.ktor.client.cio.jar;C:\Program Files\JetBrains\IntelliJ IDEA 2026.1\lib\intellij.libraries.ktor.client.jar;C:\Program Files\JetBrains\IntelliJ IDEA 2026.1\lib\intellij.libraries.ktor.io.jar;C:\Program Files\JetBrains\IntelliJ IDEA 2026.1\lib\intellij.libraries.ktor.network.tls.jar;C:\Program Files\JetBrains\IntelliJ IDEA 2026.1\lib\intellij.libraries.ktor.server.cio.jar;C:\Program Files\JetBrains\IntelliJ IDEA 2026.1\lib\intellij.libraries.ktor.utils.jar;C:\Program Files\JetBrains\IntelliJ IDEA 2026.1\lib\intellij.libraries.lz4.jar;C:\Program Files\JetBrains\IntelliJ IDEA 2026.1\lib\intellij.libraries.markdown.jar;C:\Program Files\JetBrains\IntelliJ IDEA 2026.1\lib\intellij.libraries.miglayout.swing.jar;C:\Program Files\JetBrains\IntelliJ IDEA 2026.1\lib\intellij.libraries.mvstore.jar;C:\Program Files\JetBrains\IntelliJ IDEA 2026.1\lib\intellij.libraries.netty.buffer.jar;C:\Program Files\JetBrains\IntelliJ IDEA 2026.1\lib\intellij.libraries.netty.codec.compression.jar;C:\Program Files\JetBrains\IntelliJ IDEA 2026.1\lib\intellij.libraries.netty.codec.http.jar;C:\Program Files\JetBrains\IntelliJ IDEA 2026.1\lib\intellij.libraries.netty.handler.proxy.jar;C:\Program Files\JetBrains\IntelliJ IDEA 2026.1\lib\intellij.libraries.opentelemetry.exporter.sender.jdk.jar;C:\Program Files\JetBrains\IntelliJ IDEA 2026.1\lib\intellij.libraries.opentelemetry.sdk.autoconfigure.spi.jar;C:\Program Files\JetBrains\IntelliJ IDEA 2026.1\lib\intellij.libraries.oro.matcher.jar;C:\Program Files\JetBrains\IntelliJ IDEA 2026.1\lib\intellij.libraries.protobuf.jar;C:\Program Files\JetBrains\IntelliJ IDEA 2026.1\lib\intellij.libraries.proxy.vole.jar;C:\Program Files\JetBrains\IntelliJ IDEA 2026.1\lib\intellij.libraries.pty4j.jar;C:\Program Files\JetBrains\IntelliJ IDEA 2026.1\lib\intellij.libraries.rd.core.jar;C:\Program Files\JetBrains\IntelliJ IDEA 2026.1\lib\intellij.libraries.rd.framework.jar;C:\Program Files\JetBrains\IntelliJ IDEA 2026.1\lib\intellij.libraries.rd.swing.jar;C:\Program Files\JetBrains\IntelliJ IDEA 2026.1\lib\intellij.libraries.rd.text.jar;C:\Program Files\JetBrains\IntelliJ IDEA 2026.1\lib\intellij.libraries.rhino.jar;C:\Program Files\JetBrains\IntelliJ IDEA 2026.1\lib\intellij.libraries.snakeyaml.engine.jar;C:\Program Files\JetBrains\IntelliJ IDEA 2026.1\lib\intellij.libraries.snakeyaml.jar;C:\Program Files\JetBrains\IntelliJ IDEA 2026.1\lib\intellij.libraries.sshj.jar;C:\Program Files\JetBrains\IntelliJ IDEA 2026.1\lib\intellij.libraries.stream.jar;C:\Program Files\JetBrains\IntelliJ IDEA 2026.1\lib\intellij.libraries.swingx.jar;C:\Program Files\JetBrains\IntelliJ IDEA 2026.1\lib\intellij.libraries.velocity.jar;C:\Program Files\JetBrains\IntelliJ IDEA 2026.1\lib\intellij.libraries.winp.jar;C:\Program Files\JetBrains\IntelliJ IDEA 2026.1\lib\intellij.libraries.xerces.jar;C:\Program Files\JetBrains\IntelliJ IDEA 2026.1\lib\intellij.libraries.xstream.jar;C:\Program Files\JetBrains\IntelliJ IDEA 2026.1\lib\intellij.libraries.xtext.xbase.jar;C:\Program Files\JetBrains\IntelliJ IDEA 2026.1\lib\intellij.libraries.xz.jar;C:\Program Files\JetBrains\IntelliJ IDEA 2026.1\lib\intellij.platform.analysis.impl.jar;C:\Program Files\JetBrains\IntelliJ IDEA 2026.1\lib\intellij.platform.analysis.jar;C:\Program Files\JetBrains\IntelliJ IDEA 2026.1\lib\intellij.platform.builtInServer.impl.jar;C:\Program Files\JetBrains\IntelliJ IDEA 2026.1\lib\intellij.platform.builtInServer.jar;C:\Program Files\JetBrains\IntelliJ IDEA 2026.1\lib\intellij.platform.core.impl.jar;C:\Program Files\JetBrains\IntelliJ IDEA 2026.1\lib\intellij.platform.core.jar;C:\Program Files\JetBrains\IntelliJ IDEA 2026.1\lib\intellij.platform.core.ui.jar;C:\Program Files\JetBrains\IntelliJ IDEA 2026.1\lib\intellij.platform.credentialStore.impl.jar;C:\Program Files\JetBrains\IntelliJ IDEA 2026.1\lib\intellij.platform.credentialStore.ui.jar;C:\Program Files\JetBrains\IntelliJ IDEA 2026.1\lib\intellij.platform.debugger.impl.jar;C:\Program Files\JetBrains\IntelliJ IDEA 2026.1\lib\intellij.platform.debugger.impl.rpc.jar;C:\Program Files\JetBrains\IntelliJ IDEA 2026.1\lib\intellij.platform.debugger.impl.shared.jar;C:\Program Files\JetBrains\IntelliJ IDEA 2026.1\lib\intellij.platform.debugger.impl.ui.jar;C:\Program Files\JetBrains\IntelliJ IDEA 2026.1\lib\intellij.platform.debugger.jar;C:\Program Files\JetBrains\IntelliJ IDEA 2026.1\lib\intellij.platform.diff.impl.jar;C:\Program Files\JetBrains\IntelliJ IDEA 2026.1\lib\intellij.platform.diff.jar;C:\Program Files\JetBrains\IntelliJ IDEA 2026.1\lib\intellij.platform.duplicates.analysis.jar;C:\Program Files\JetBrains\IntelliJ IDEA 2026.1\lib\intellij.platform.eel.impl.jar;C:\Program Files\JetBrains\IntelliJ IDEA 2026.1\lib\intellij.platform.externalProcessAuthHelper.jar;C:\Program Files\JetBrains\IntelliJ IDEA 2026.1\lib\intellij.platform.externalSystem.dependencyUpdater.jar;C:\Program Files\JetBrains\IntelliJ IDEA 2026.1\lib\intellij.platform.externalSystem.impl.jar;C:\Program Files\JetBrains\IntelliJ IDEA 2026.1\lib\intellij.platform.externalSystem.jar;C:\Program Files\JetBrains\IntelliJ IDEA 2026.1\lib\intellij.platform.find.jar;C:\Program Files\JetBrains\IntelliJ IDEA 2026.1\lib\intellij.platform.ide.concurrency.jar;C:\Program Files\JetBrains\IntelliJ IDEA 2026.1\lib\intellij.platform.ide.core.jar;C:\Program Files\JetBrains\IntelliJ IDEA 2026.1\lib\intellij.platform.ide.impl.jar;C:\Program Files\JetBrains\IntelliJ IDEA 2026.1\lib\intellij.platform.ide.jar;C:\Program Files\JetBrains\IntelliJ IDEA 2026.1\lib\intellij.platform.kernel.jar;C:\Program Files\JetBrains\IntelliJ IDEA 2026.1\lib\intellij.platform.lang.core.jar;C:\Program Files\JetBrains\IntelliJ IDEA 2026.1\lib\intellij.platform.lang.impl.jar;C:\Program Files\JetBrains\IntelliJ IDEA 2026.1\lib\intellij.platform.lang.jar;C:\Program Files\JetBrains\IntelliJ IDEA 2026.1\lib\intellij.platform.locking.impl.jar;C:\Program Files\JetBrains\IntelliJ IDEA 2026.1\lib\intellij.platform.managed.cache.jar;C:\Program Files\JetBrains\IntelliJ IDEA 2026.1\lib\intellij.platform.polySymbols.backend.jar;C:\Program Files\JetBrains\IntelliJ IDEA 2026.1\lib\intellij.platform.polySymbols.jar;C:\Program Files\JetBrains\IntelliJ IDEA 2026.1\lib\intellij.platform.projectFrame.jar;C:\Program Files\JetBrains\IntelliJ IDEA 2026.1\lib\intellij.platform.projectModel.impl.jar;C:\Program Files\JetBrains\IntelliJ IDEA 2026.1\lib\intellij.platform.projectModel.jar;C:\Program Files\JetBrains\IntelliJ IDEA 2026.1\lib\intellij.platform.rpc.jar;C:\Program Files\JetBrains\IntelliJ IDEA 2026.1\lib\intellij.platform.rpc.topics.jar;C:\Program Files\JetBrains\IntelliJ IDEA 2026.1\lib\intellij.platform.scopes.jar;C:\Program Files\JetBrains\IntelliJ IDEA 2026.1\lib\intellij.platform.smRunner.jar;C:\Program Files\JetBrains\IntelliJ IDEA 2026.1\lib\intellij.platform.util.ex.jar;C:\Program Files\JetBrains\IntelliJ IDEA 2026.1\lib\intellij.platform.util.ui.jar;C:\Program Files\JetBrains\IntelliJ IDEA 2026.1\lib\intellij.platform.vcs.core.jar;C:\Program Files\JetBrains\IntelliJ IDEA 2026.1\lib\intellij.platform.vcs.jar;C:\Program Files\JetBrains\IntelliJ IDEA 2026.1\lib\intellij.platform.vcs.shared.jar;C:\Program Files\JetBrains\IntelliJ IDEA 2026.1\lib\intellij.platform.welcomeScreen.impl.jar;C:\Program Files\JetBrains\IntelliJ IDEA 2026.1\lib\intellij.platform.welcomeScreen.jar;C:\Program Files\JetBrains\IntelliJ IDEA 2026.1\lib\intellij.regexp.jar;C:\Program Files\JetBrains\IntelliJ IDEA 2026.1\lib\intellij.xml.analysis.impl.jar;C:\Program Files\JetBrains\IntelliJ IDEA 2026.1\lib\intellij.xml.analysis.jar;C:\Program Files\JetBrains\IntelliJ IDEA 2026.1\lib\intellij.xml.dom.impl.jar;C:\Program Files\JetBrains\IntelliJ IDEA 2026.1\lib\intellij.xml.dom.jar;C:\Program Files\JetBrains\IntelliJ IDEA 2026.1\lib\intellij.xml.impl.jar;C:\Program Files\JetBrains\IntelliJ IDEA 2026.1\lib\intellij.xml.parser.jar;C:\Program Files\JetBrains\IntelliJ IDEA 2026.1\lib\intellij.xml.psi.impl.jar;C:\Program Files\JetBrains\IntelliJ IDEA 2026.1\lib\intellij.xml.psi.jar;C:\Program Files\JetBrains\IntelliJ IDEA 2026.1\lib\intellij.xml.structureView.impl.jar;C:\Program Files\JetBrains\IntelliJ IDEA 2026.1\lib\intellij.xml.structureView.jar;C:\Program Files\JetBrains\IntelliJ IDEA 2026.1\lib\intellij.xml.syntax.jar;C:\Program Files\JetBrains\IntelliJ IDEA 2026.1\lib\intellij.xml.ui.common.jar;C:\Program Files\JetBrains\IntelliJ IDEA 2026.1\lib\javax.activation.jar;C:\Program Files\JetBrains\IntelliJ IDEA 2026.1\lib\javax.annotation-api.jar;C:\Program Files\JetBrains\IntelliJ IDEA 2026.1\lib\jaxb-api.jar;C:\Program Files\JetBrains\IntelliJ IDEA 2026.1\lib\jaxb-runtime.jar;C:\Program Files\JetBrains\IntelliJ IDEA 2026.1\lib\jps-model.jar;C:\Program Files\JetBrains\IntelliJ IDEA 2026.1\lib\jsch-agent.jar;C:\Program Files\JetBrains\IntelliJ IDEA 2026.1\lib\lib-backend.jar;C:\Program Files\JetBrains\IntelliJ IDEA 2026.1\lib\lib.jar;C:\Program Files\JetBrains\IntelliJ IDEA 2026.1\lib\opentelemetry.jar;C:\Program Files\JetBrains\IntelliJ IDEA 2026.1\lib\product.jar;C:\Program Files\JetBrains\IntelliJ IDEA 2026.1\lib\rd-gen.jar;C:\Program Files\JetBrains\IntelliJ IDEA 2026.1\lib\stats.jar;C:\Program Files\JetBrains\IntelliJ IDEA 2026.1\lib\trove.jar;C:\Program Files\JetBrains\IntelliJ IDEA 2026.1\lib\util_rt.jar
Launcher Type: generic

[Global flags]
     bool AOTInvokeDynamicLinking                  = false                                  {diagnostic} {ergonomic}
     bool AOTRecordTraining                        = false                                  {diagnostic} {ergonomic}
     bool AOTReplayTraining                        = false                                  {diagnostic} {ergonomic}
     intx CICompilerCount                          = 2                                         {product} {command line}
     uint ConcGCThreads                            = 3                                         {product} {ergonomic}
    ccstr ErrorFile                                = $USER_HOME/java_error_in_idea_%p.log            {product} {command line}
     uint G1ConcRefinementThreads                  = 13                                        {product} {ergonomic}
   size_t G1HeapRegionSize                         = 1048576                                   {product} {ergonomic}
     bool HeapDumpOnOutOfMemoryError               = true                                   {manageable} {command line}
    ccstr HeapDumpPath                             = $USER_HOME/java_error_in_idea.hprof         {manageable} {command line}
     bool IgnoreUnrecognizedVMOptions              = true                                      {product} {command line}
   size_t InitialHeapSize                          = 134217728                                 {product} {command line}
     bool IntelJccErratumMitigation                = false                             {ARCH diagnostic} {ergonomic}
    uintx JbrShrinkingGcMaxHeapFreeRatio           = 40                                     {manageable} {command line}
   size_t MarkStackSize                            = 4194304                                   {product} {ergonomic}
   size_t MarkStackSizeMax                         = 536870912                                 {product} {ergonomic}
   size_t MaxHeapSize                              = 1073741824                                {product} {command line}
   size_t MaxNewSize                               = 643825664                                 {product} {ergonomic}
   size_t MinHeapDeltaBytes                        = 1048576                                   {product} {ergonomic}
   size_t MinHeapSize                              = 134217728                                 {product} {command line}
    uintx NonNMethodCodeHeapSize                   = 5767168                                {pd product} {ergonomic}
    uintx NonProfiledCodeHeapSize                  = 265617408                              {pd product} {ergonomic}
     bool OmitStackTraceInFastThrow                = false                                     {product} {command line}
    uintx ProfiledCodeHeapSize                     = 265486336                              {pd product} {ergonomic}
    uintx ReservedCodeCacheSize                    = 536870912                              {pd product} {command line, ergonomic}
     bool SegmentedCodeCache                       = true                                      {product} {ergonomic}
   size_t SoftMaxHeapSize                          = 1073741824                             {manageable} {ergonomic}
     intx SoftRefLRUPolicyMSPerMB                  = 50                                        {product} {command line}
     intx TieredOldPercentage                      = 100000                                 {diagnostic} {command line}
     bool UnlockDiagnosticVMOptions                = true                                   {diagnostic} {command line}
     bool UseCompressedOops                        = true                           {product lp64_product} {ergonomic}
     bool UseG1GC                                  = true                                      {product} {command line}
     bool UseLargePagesIndividualAllocation        = false                                  {pd product} {ergonomic}
      int X86ICacheSync                            = 3                                 {ARCH diagnostic} {ergonomic}

Logging:
Log output configuration:
 #0: stdout all=warning uptime,level,tags foldmultilines=false
 #1: stderr all=off uptime,level,tags foldmultilines=false

Release file:
JAVA_VERSION="25.0.2" 
MODULES="java.base java.datatransfer java.xml java.prefs java.desktop gluegen.rt java.compiler java.instrument java.logging java.management java.security.sasl java.naming java.rmi java.management.rmi java.net.http java.scripting java.security.jgss java.transaction.xa java.sql java.sql.rowset java.xml.crypto java.se java.smartcardio jogl.all jcef jdk.accessibility jdk.internal.jvmstat jdk.attach jdk.charsets jdk.internal.opt jdk.zipfs jdk.compiler jdk.crypto.cryptoki jdk.crypto.ec jdk.crypto.mscapi jdk.dynalink jdk.hotspot.agent jdk.httpserver jdk.internal.ed jdk.internal.le jdk.internal.md jdk.internal.vm.ci jdk.javadoc jdk.jcmd jdk.jdwp.agent jdk.jdi jdk.jfr jdk.localedata jdk.management jdk.management.agent jdk.management.jfr jdk.naming.dns jdk.naming.rmi jdk.net jdk.sctp jdk.security.auth jdk.security.jgss jdk.unsupported jdk.unsupported.desktop jdk.xml.dom" 
IMPLEMENTOR="JetBrains s.r.o." 
IMPLEMENTOR_VERSION="JBR-25.0.2+1-329.72-jcef" 
JAVA_RUNTIME_VERSION="25.0.2+1-b329.72" 
LIBC="default" 
OS_ARCH="x86_64" 
OS_NAME="Windows" 
SOURCE=".:git:80f896300e04+ jcef_git:git:4a605f44671a" 
JCEF_VERSION="137.0.17.1131+ga492f5c" 
JCEF_COMMIT_HASH="a492f5c1bbe877d2f58d4b066d0a1c89ab579b84" 
JCEF_VERSION_DETAILED=137.0.17-gf354b0e-chromium-137.0.7151.104-api-1.21-261-b65

Environment Variables:
PATH=C:\Python314\Scripts\;C:\Python314\;C:\Program Files\Common Files\Oracle\Java\javapath;C:\app\youoi\product\23ai\dbhomeFree\bin;C:\Program Files (x86)\VMware\VMware Workstation\bin\;C:\WINDOWS\system32;C:\WINDOWS;C:\WINDOWS\System32\Wbem;C:\WINDOWS\System32\WindowsPowerShell\v1.0\;C:\WINDOWS\System32\OpenSSH\;C:\Program Files (x86)\NVIDIA Corporation\PhysX\Common;C:\Program Files\NVIDIA Corporation\NVIDIA app\NvDLISR;C:\ProgramData\chocolatey\bin;C:\Program Files\Git\cmd;C:\Program Files\dotnet\;C:\Program Files\nodejs\;C:\Users\youoi\AppData\Local\Programs\Python\Python311\Scripts\;C:\Users\youoi\AppData\Local\Programs\Python\Python311\;C:\Users\youoi\AppData\Local\Programs\Python\Python313\Scripts\;C:\Users\youoi\AppData\Local\Programs\Python\Python313\;C:\Users\youoi\AppData\Local\Programs\Python\Launcher\;C:\Users\youoi\AppData\Local\Microsoft\WindowsApps;C:\Users\youoi\AppData\Local\Programs\Microsoft VS Code\bin;C:\Program Files\JetBrains\PyCharm 2024.2.3\bin;;C:\Program Files (x86)\Nmap;C:\Users\youoi\.dotnet\tools;C:\Users\youoi\AppData\Local\Python\bin;C:\Users\youoi\AppData\Local\Programs\Python\Python311\Scripts;C:\Program Files\JetBrains\IntelliJ IDEA 2026.1\bin;C:\Users\youoi\AppData\Roaming\npm
USERNAME=youoi
OS=Windows_NT
PROCESSOR_IDENTIFIER=Intel64 Family 6 Model 141 Stepping 1, GenuineIntel
TMP=C:\Users\youoi\AppData\Local\Temp
TEMP=C:\Users\youoi\AppData\Local\Temp




Compilation memory statistics disabled.

Periodic native trim disabled

JNI global refs:
JNI global refs: 199, weak refs: 2938

JNI global refs memory usage: 2731, weak refs: 30233

Process memory usage:
Resident Set Size: 2166384K (13% of 16501540K total physical memory with 1484880K free physical memory)

OOME stack traces (most recent first):
Classloader memory used:
Loader com.intellij.ide.plugins.cl.PluginClassLoader                                   : 276 M
Loader com.intellij.util.lang.PathClassLoader                                          : 275 M
Loader bootstrap                                                                       : 60669 K
Loader jdk.internal.loader.ClassLoaders$PlatformClassLoader                            : 2757 K
Loader jdk.internal.loader.ClassLoaders$AppClassLoader                                 : 694 K
Loader groovy.lang.GroovyClassLoader$InnerLoader                                       : 138 K
Loader sun.reflect.misc.MethodUtil                                                     : 4072 B

Classes loaded by more than one classloader:
Class kotlinx.serialization.descriptors.StructureKind$CLASS                           : loaded 2 times (x 73B)
Class io.ktor.client.call.DoubleReceiveException                                      : loaded 2 times (x 84B)
Class io.ktor.http.URLProtocolKt                                                      : loaded 2 times (x 73B)
Class io.ktor.http.content.OutgoingContent$NoContent                                  : loaded 2 times (x 81B)
Class io.ktor.client.plugins.logging.ReceiveHook                                      : loaded 2 times (x 76B)
Class io.ktor.client.plugins.ReceiveError                                             : loaded 2 times (x 76B)
Class kotlinx.serialization.SerialFormat                                              : loaded 2 times (x 72B)
Class kotlinx.serialization.json.internal.StreamingJsonDecoder$WhenMappings           : loaded 2 times (x 73B)
Class io.ktor.utils.io.SourceByteReadChannel                                          : loaded 2 times (x 81B)
Class io.ktor.utils.io.ByteChannel$Slot$Empty                                         : loaded 2 times (x 73B)
Class io.ktor.http.ParametersBuilder                                                  : loaded 2 times (x 72B)
Class kotlinx.io.Buffer                                                               : loaded 2 times (x 118B)
Class io.ktor.http.HttpMethod$Companion                                               : loaded 2 times (x 73B)
Class io.ktor.client.plugins.HttpClientPlugin                                         : loaded 2 times (x 72B)
Class com.sun.jna.platform.win32.Winsvc$SERVICE_STATUS                                : loaded 2 times (x 125B)
Class io.ktor.client.engine.KtorCallContextElement$Companion                          : loaded 2 times (x 73B)
Class io.ktor.client.plugins.SetupRequestContext                                      : loaded 2 times (x 76B)
Class io.ktor.client.call.SavedCallKt$save$1                                          : loaded 2 times (x 89B)
Class com.sun.jna.platform.win32.WinNT$LUID                                           : loaded 2 times (x 125B)
Class com.sun.jna.platform.win32.WinNT$IO_COUNTERS                                    : loaded 2 times (x 125B)
Class [Lkotlinx.serialization.KSerializer;                                            : loaded 2 times (x 71B)
Class kotlinx.serialization.json.JsonObject                                           : loaded 2 times (x 103B)
Class io.ktor.http.content.OutgoingContent                                            : loaded 2 times (x 81B)
Class org.slf4j.helpers.Util                                                          : loaded 2 times (x 73B)
Class org.slf4j.helpers.BasicMDCAdapter$1                                             : loaded 2 times (x 87B)
Class com.sun.jna.platform.win32.WinBase$SYSTEMTIME                                   : loaded 2 times (x 127B)
Class io.ktor.http.URLBuilderKt                                                       : loaded 2 times (x 73B)
Class io.ktor.client.plugins.websocket.WebSocketCapability                            : loaded 2 times (x 73B)
Class io.ktor.client.plugins.logging.ResponseAfterEncodingHook$Context                : loaded 2 times (x 74B)
Class io.ktor.utils.io.CloseToken                                                     : loaded 2 times (x 74B)
Class io.ktor.util.date.WeekDay$Companion                                             : loaded 2 times (x 73B)
Class io.ktor.client.utils.EmptyContent                                               : loaded 2 times (x 81B)
Class com.sun.jna.platform.win32.Winsvc$ChangeServiceConfig2Info                      : loaded 2 times (x 125B)
Class kotlinx.serialization.json.JsonElement$Companion                                : loaded 2 times (x 73B)
Class io.ktor.http.HttpStatusCode$Companion                                           : loaded 2 times (x 73B)
Class io.ktor.client.statement.HttpStatement                                          : loaded 2 times (x 74B)
Class io.ktor.client.plugins.DefaultTransformKt$defaultTransformers$1                 : loaded 2 times (x 97B)
Class io.ktor.client.plugins.api.Send$install$1                                       : loaded 2 times (x 97B)
Class com.sun.jna.platform.win32.WinNT$OVERLAPPED_COMPLETION_ROUTINE                  : loaded 2 times (x 72B)
Class kotlinx.serialization.builtins.BuiltinSerializersKt                             : loaded 2 times (x 73B)
Class io.ktor.client.statement.HttpStatement$cleanup$1                                : loaded 2 times (x 89B)
Class io.ktor.util.TextKt                                                             : loaded 2 times (x 73B)
Class io.ktor.client.plugins.DefaultTransformKt$defaultTransformers$2                 : loaded 2 times (x 97B)
Class io.ktor.util.AttributesJvmBase                                                  : loaded 2 times (x 91B)
Class io.ktor.utils.io.IODispatcher_jvmKt                                             : loaded 2 times (x 73B)
Class io.ktor.http.Headers                                                            : loaded 2 times (x 72B)
Class io.ktor.util.StringValuesBuilder                                                : loaded 2 times (x 72B)
Class io.ktor.client.plugins.logging.LogLevel                                         : loaded 2 times (x 81B)
Class io.ktor.client.plugins.logging.LoggingKt$Logging$1                              : loaded 2 times (x 131B)
Class io.ktor.util.PlatformUtilsJvmKt                                                 : loaded 2 times (x 73B)
Class com.sun.jna.platform.win32.WinReg$HKEYByReference                               : loaded 2 times (x 86B)
Class io.ktor.http.Url$Companion                                                      : loaded 2 times (x 73B)
Class io.ktor.util.CharsetKt                                                          : loaded 2 times (x 73B)
Class io.ktor.client.plugins.api.Send                                                 : loaded 2 times (x 76B)
Class io.ktor.client.plugins.HttpCallValidatorKt$HttpCallValidator$1                  : loaded 2 times (x 131B)
Class kotlinx.serialization.descriptors.StructureKind$MAP                             : loaded 2 times (x 73B)
Class kotlinx.serialization.json.internal.JsonDecodingException                       : loaded 2 times (x 84B)
Class io.ktor.client.call.HttpClientCall$Companion                                    : loaded 2 times (x 73B)
Class org.slf4j.helpers.AbstractLogger                                                : loaded 2 times (x 217B)
Class io.ktor.events.Events                                                           : loaded 2 times (x 74B)
Class io.ktor.utils.io.core.OutputArraysJVMKt                                         : loaded 2 times (x 73B)
Class com.sun.jna.platform.win32.WinNT$OSVERSIONINFOEX                                : loaded 2 times (x 132B)
Class io.ktor.utils.io.ByteReadChannelKt                                              : loaded 2 times (x 73B)
Class io.ktor.client.engine.HttpClientEngineCapabilityKt                              : loaded 2 times (x 73B)
Class io.ktor.util.CaseInsensitiveMap                                                 : loaded 2 times (x 114B)
Class io.ktor.http.HttpMethod                                                         : loaded 2 times (x 74B)
Class kotlinx.serialization.json.internal.StringOpsKt                                 : loaded 2 times (x 73B)
Class kotlinx.serialization.encoding.CompositeDecoder                                 : loaded 2 times (x 72B)
Class kotlinx.serialization.descriptors.SerialKind                                    : loaded 2 times (x 73B)
Class io.ktor.client.call.UtilsKt                                                     : loaded 2 times (x 73B)
Class io.ktor.client.plugins.logging.LoggingConfig                                    : loaded 2 times (x 74B)
Class com.sun.jna.platform.win32.Tlhelp32$PROCESSENTRY32                              : loaded 2 times (x 125B)
Class kotlinx.serialization.json.internal.JsonEncodingException                       : loaded 2 times (x 84B)
Class io.ktor.http.HttpStatusCodeKt                                                   : loaded 2 times (x 73B)
Class io.ktor.client.request.ClientUpgradeContent                                     : loaded 2 times (x 82B)
Class io.ktor.util.pipeline.PipelineContextKt                                         : loaded 2 times (x 73B)
Class io.ktor.client.engine.HttpClientEngine$install$1                                : loaded 2 times (x 97B)
Class kotlinx.serialization.descriptors.PolymorphicKind$SEALED                        : loaded 2 times (x 73B)
Class io.ktor.utils.io.charsets.TooLongLineException                                  : loaded 2 times (x 86B)
Class io.ktor.client.plugins.HttpSend$DefaultSender                                   : loaded 2 times (x 77B)
Class io.ktor.client.plugins.HttpRequestRetryKt                                       : loaded 2 times (x 73B)
Class io.ktor.client.plugins.logging.SendHook$install$1                               : loaded 2 times (x 97B)
Class io.ktor.client.plugins.api.SetupRequest$install$1                               : loaded 2 times (x 97B)
Class io.ktor.util.Platform                                                           : loaded 2 times (x 73B)
Class com.sun.jna.platform.win32.WinBase$TIME_ZONE_INFORMATION                        : loaded 2 times (x 125B)
Class com.sun.jna.platform.win32.WinBase$EnumResTypeProc                              : loaded 2 times (x 72B)
Class kotlinx.serialization.internal.PrimitiveSerialDescriptor                        : loaded 2 times (x 87B)
Class io.ktor.utils.io.CloseToken$wrapCause$1                                         : loaded 2 times (x 131B)
Class io.ktor.utils.io.core.BytePacketBuilderKt                                       : loaded 2 times (x 73B)
Class io.ktor.util.date.Month                                                         : loaded 2 times (x 81B)
Class io.ktor.client.engine.KtorCallContextElement                                    : loaded 2 times (x 86B)
Class io.ktor.client.plugins.api.Send$Sender                                          : loaded 2 times (x 77B)
Class io.ktor.http.HttpHeaders                                                        : loaded 2 times (x 73B)
Class io.ktor.client.plugins.HttpRequestRetryConfig                                   : loaded 2 times (x 74B)
Class io.ktor.client.plugins.HttpClientPluginKt                                       : loaded 2 times (x 73B)
Class com.intellij.llmInstaller.common.LLMIcons                                       : loaded 2 times (x 73B)
Class io.ktor.utils.io.ByteChannel$flush$1                                            : loaded 2 times (x 89B)
Class io.ktor.util.CollectionsJvmKt                                                   : loaded 2 times (x 73B)
Class io.ktor.util.pipeline.PipelinePhaseRelation$Last                                : loaded 2 times (x 73B)
Class io.ktor.client.request.HttpRequestPipeline$Phases                               : loaded 2 times (x 73B)
Class io.ktor.client.plugins.api.CreatePluginUtilsKt                                  : loaded 2 times (x 73B)
Class com.intellij.llmInstaller.common.branding.LLMInstallerAIAssistantBrandingIcons  : loaded 2 times (x 73B)
Class com.sun.jna.platform.win32.Tlhelp32$THREADENTRY32                               : loaded 2 times (x 125B)
Class io.ktor.client.plugins.HttpRedirectKt$HttpRedirect$2$handleCall$1               : loaded 2 times (x 89B)
Class io.ktor.client.plugins.logging.ResponseHook$Context                             : loaded 2 times (x 74B)
Class io.ktor.http.IllegalHeaderNameException                                         : loaded 2 times (x 84B)
Class io.ktor.client.plugins.api.ClientHook                                           : loaded 2 times (x 72B)
Class io.ktor.util.AttributesJvmKt                                                    : loaded 2 times (x 73B)
Class ai.grazie.DataHolder                                                            : loaded 2 times (x 74B)
Class com.sun.jna.platform.win32.Advapi32Util                                         : loaded 2 times (x 73B)
Class io.ktor.client.statement.DefaultHttpResponse                                    : loaded 2 times (x 88B)
Class io.ktor.client.request.ResponseAdapter                                          : loaded 2 times (x 72B)
Class io.ktor.client.plugins.AfterRenderHook                                          : loaded 2 times (x 76B)
Class io.ktor.client.HttpClient$2                                                     : loaded 2 times (x 97B)
Class io.ktor.utils.io.charsets.MalformedInputException                               : loaded 2 times (x 86B)
Class org.slf4j.spi.MDCAdapter                                                        : loaded 2 times (x 72B)
Class kotlinx.serialization.json.Json$Default                                         : loaded 2 times (x 82B)
Class kotlinx.serialization.encoding.CompositeDecoder$Companion                       : loaded 2 times (x 73B)
Class com.sun.jna.platform.win32.WinNT$HANDLE                                         : loaded 2 times (x 84B)
Class kotlinx.serialization.Serializable                                              : loaded 2 times (x 72B)
Class kotlinx.serialization.encoding.AbstractDecoder                                  : loaded 2 times (x 136B)
Class io.ktor.http.UrlKt                                                              : loaded 2 times (x 73B)
Class io.ktor.utils.io.ByteChannelUtilsKt                                             : loaded 2 times (x 73B)
Class io.ktor.client.HttpClient$4                                                     : loaded 2 times (x 97B)
Class io.ktor.client.plugins.logging.LoggingFormat                                    : loaded 2 times (x 81B)
Class io.ktor.util.pipeline.PhaseContent$Companion                                    : loaded 2 times (x 73B)
Class [Lio.ktor.http.HttpStatusCode;                                                  : loaded 2 times (x 71B)
Class io.ktor.utils.io.ClosedByteChannelException                                     : loaded 2 times (x 84B)
Class io.ktor.client.plugins.HttpPlainTextKt$HttpPlainText$1                          : loaded 2 times (x 131B)
Class io.ktor.client.statement.HttpResponsePipeline$Phases                            : loaded 2 times (x 73B)
Class io.ktor.util.AttributeKey                                                       : loaded 2 times (x 74B)
Class kotlinx.serialization.modules.SerializersModule                                 : loaded 2 times (x 78B)
Class com.sun.jna.platform.win32.WinNT$ACL                                            : loaded 2 times (x 126B)
Class com.sun.jna.platform.win32.WinBase$DCB                                          : loaded 2 times (x 125B)
Class io.ktor.utils.io.ByteChannel$Slot$Read                                          : loaded 2 times (x 81B)
Class io.ktor.utils.io.ByteChannel                                                    : loaded 2 times (x 100B)
Class io.ktor.http.URLDecodeException                                                 : loaded 2 times (x 84B)
Class io.ktor.client.plugins.api.ClientPluginInstance                                 : loaded 2 times (x 80B)
Class [Lkotlinx.serialization.json.JsonEncoder;                                       : loaded 2 times (x 71B)
Class kotlinx.serialization.json.internal.JsonToStringWriter                          : loaded 2 times (x 81B)
Class io.ktor.util.reflect.TypeInfoJvmKt                                              : loaded 2 times (x 73B)
Class io.ktor.http.HttpHeadersKt                                                      : loaded 2 times (x 73B)
Class io.ktor.http.UrlDecodedParametersBuilderKt                                      : loaded 2 times (x 73B)
Class com.sun.jna.platform.win32.WinDef$ULONG                                         : loaded 2 times (x 94B)
Class com.sun.jna.platform.win32.WinNT$TOKEN_PRIVILEGES                               : loaded 2 times (x 125B)
Class kotlinx.serialization.json.internal.ComposersKt                                 : loaded 2 times (x 73B)
Class io.ktor.client.call.HttpClientCall$bodyNullable$1                               : loaded 2 times (x 89B)
Class io.ktor.util.Entry                                                              : loaded 2 times (x 83B)
Class io.ktor.client.plugins.logging.ReceiveHook$install$1                            : loaded 2 times (x 97B)
Class com.sun.jna.platform.win32.WinDef$BOOLByReference                               : loaded 2 times (x 86B)
Class kotlinx.serialization.json.internal.StreamingJsonEncoder$WhenMappings           : loaded 2 times (x 73B)
Class io.ktor.client.call.SavedHttpResponse                                           : loaded 2 times (x 88B)
Class io.ktor.utils.io.ByteChannel$Slot$Task                                          : loaded 2 times (x 72B)
Class com.sun.jna.platform.win32.WinReg                                               : loaded 2 times (x 72B)
Class com.sun.jna.platform.win32.WinNT$GENERIC_MAPPING                                : loaded 2 times (x 125B)
Class io.ktor.utils.io.ByteReadChannelOperationsKt$readRemaining$1                    : loaded 2 times (x 89B)
Class [Lio.ktor.util.date.WeekDay;                                                    : loaded 2 times (x 71B)
Class io.ktor.util.StringValuesBuilderImpl                                            : loaded 2 times (x 115B)
Class org.slf4j.ILoggerFactory                                                        : loaded 2 times (x 72B)
Class kotlinx.serialization.json.internal.WriteModeKt                                 : loaded 2 times (x 73B)
Class io.ktor.utils.io.CloseTokenKt                                                   : loaded 2 times (x 73B)
Class io.ktor.client.plugins.SetupRequestContext$install$1$1                          : loaded 2 times (x 82B)
Class org.slf4j.helpers.ThreadLocalMapOfStacks                                        : loaded 2 times (x 78B)
Class io.ktor.utils.io.BufferedByteWriteChannel                                       : loaded 2 times (x 72B)
Class io.ktor.utils.io.ByteReadChannel                                                : loaded 2 times (x 72B)
Class io.ktor.client.plugins.HttpCallValidatorKt$HttpCallValidator$2$1                : loaded 2 times (x 97B)
Class com.sun.jna.platform.win32.WinNT$LARGE_INTEGER                                  : loaded 2 times (x 133B)
Class io.ktor.http.UrlDecodedParametersBuilder                                        : loaded 2 times (x 98B)
Class io.ktor.client.plugins.HttpCallValidatorKt$HttpCallValidator$2$2                : loaded 2 times (x 97B)
Class io.ktor.client.plugins.AfterRenderHook$install$1                                : loaded 2 times (x 97B)
Class io.ktor.client.request.HttpSendPipeline$Phases                                  : loaded 2 times (x 73B)
Class org.slf4j.spi.SLF4JServiceProvider                                              : loaded 2 times (x 72B)
Class [Lio.ktor.client.engine.HttpClientEngineCapability;                             : loaded 2 times (x 71B)
Class com.sun.jna.platform.win32.WinDef$HMODULE                                       : loaded 2 times (x 84B)
Class io.ktor.client.engine.UtilsKt$attachToUserJob$2                                 : loaded 2 times (x 77B)
Class io.ktor.client.statement.HttpStatement$fetchResponse$1                          : loaded 2 times (x 89B)
Class io.ktor.client.plugins.HttpCallValidatorKt$HttpCallValidator$2$3                : loaded 2 times (x 97B)
Class [Lio.ktor.http.HttpMethod;                                                      : loaded 2 times (x 71B)
Class io.ktor.client.plugins.DoubleReceivePluginKt                                    : loaded 2 times (x 73B)
Class io.ktor.client.plugins.HttpRequestLifecycleKt                                   : loaded 2 times (x 73B)
Class kotlinx.serialization.internal.PlatformKt                                       : loaded 2 times (x 73B)
Class kotlinx.io.SourcesKt                                                            : loaded 2 times (x 73B)
Class io.ktor.util.pipeline.PipelinePhaseRelation$Before                              : loaded 2 times (x 74B)
Class io.ktor.client.plugins.HttpCallValidatorKt$HttpCallValidator$2$4                : loaded 2 times (x 97B)
Class kotlinx.serialization.modules.SerialModuleImpl                                  : loaded 2 times (x 79B)
Class io.ktor.http.ParametersBuilderImpl                                              : loaded 2 times (x 118B)
Class io.ktor.client.statement.HttpResponse                                           : loaded 2 times (x 87B)
Class io.ktor.client.plugins.AfterReceiveHook$install$1                               : loaded 2 times (x 97B)
Class org.slf4j.Logger                                                                : loaded 2 times (x 72B)
Class io.ktor.client.statement.HttpReceivePipeline                                    : loaded 2 times (x 76B)
Class kotlinx.serialization.json.internal.StreamingJsonDecoder                        : loaded 2 times (x 175B)
Class kotlinx.serialization.encoding.Decoder                                          : loaded 2 times (x 72B)
Class kotlinx.serialization.descriptors.SerialDescriptor                              : loaded 2 times (x 72B)
Class io.ktor.http.Headers$Companion                                                  : loaded 2 times (x 73B)
Class io.ktor.util.date.Month$Companion                                               : loaded 2 times (x 73B)
Class io.ktor.http.ParametersImpl                                                     : loaded 2 times (x 100B)
Class io.ktor.client.plugins.HttpPlainTextConfig                                      : loaded 2 times (x 74B)
Class io.ktor.client.HttpClientConfig                                                 : loaded 2 times (x 74B)
Class kotlinx.serialization.modules.SerializersModuleBuildersKt                       : loaded 2 times (x 73B)
Class com.sun.jna.platform.win32.WinNT$TOKEN_ELEVATION                                : loaded 2 times (x 125B)
Class com.sun.jna.platform.win32.WinDef$DWORDByReference                              : loaded 2 times (x 86B)
Class kotlinx.serialization.descriptors.ClassSerialDescriptorBuilder                  : loaded 2 times (x 74B)
Class io.ktor.utils.io.ByteWriteChannelOperationsKt$close$1                           : loaded 2 times (x 131B)
Class io.ktor.client.engine.UtilsKt                                                   : loaded 2 times (x 73B)
Class io.ktor.client.plugins.HttpPlainTextKt$HttpPlainText$2$1                        : loaded 2 times (x 97B)
Class io.ktor.client.plugins.logging.ResponseAfterEncodingHook                        : loaded 2 times (x 76B)
Class io.ktor.client.plugins.BodyProgressKt                                           : loaded 2 times (x 73B)
Class org.slf4j.Marker                                                                : loaded 2 times (x 72B)
Class io.ktor.client.engine.ClientEngineClosedException                               : loaded 2 times (x 84B)
Class [Lcom.sun.jna.platform.win32.Wincon$INPUT_RECORD;                               : loaded 2 times (x 71B)
Class kotlinx.serialization.descriptors.StructureKind                                 : loaded 2 times (x 73B)
Class io.ktor.utils.io.ByteChannel$Slot$Closed                                        : loaded 2 times (x 74B)
Class io.ktor.util.CaseInsensitiveString                                              : loaded 2 times (x 74B)
Class io.ktor.client.plugins.HttpPlainTextKt$HttpPlainText$2$2                        : loaded 2 times (x 97B)
Class io.ktor.client.plugins.ReceiveError$install$1                                   : loaded 2 times (x 97B)
Class io.ktor.client.plugins.DoubleReceivePluginKt$SaveBodyPlugin$1                   : loaded 2 times (x 131B)
Class io.ktor.util.Platform$WasmJs                                                    : loaded 2 times (x 74B)
Class com.sun.jna.platform.win32.WinNT$HRESULT                                        : loaded 2 times (x 89B)
Class [Lkotlinx.serialization.encoding.CompositeEncoder;                              : loaded 2 times (x 71B)
Class kotlinx.serialization.internal.InlineClassDescriptorKt$InlinePrimitiveDescriptor$1: loaded 2 times (x 92B)
Class kotlinx.serialization.json.JsonConfiguration                                    : loaded 2 times (x 74B)
Class [Lio.ktor.util.date.Month;                                                      : loaded 2 times (x 71B)
Class io.ktor.client.request.RequestBodyKt                                            : loaded 2 times (x 73B)
Class io.ktor.client.plugins.DefaultTransformersJvmKt$platformResponseDefaultTransformers$1: loaded 2 times (x 97B)
Class io.ktor.client.plugins.logging.Logger                                           : loaded 2 times (x 72B)
Class io.ktor.client.plugins.logging.LoggingKt                                        : loaded 2 times (x 73B)
Class kotlinx.serialization.json.internal.JsonException                               : loaded 2 times (x 84B)
Class io.ktor.utils.io.ByteChannelCtorKt                                              : loaded 2 times (x 73B)
Class io.ktor.util.CoroutinesUtilsKt$SilentSupervisor$$inlined$CoroutineExceptionHandler$1: loaded 2 times (x 94B)
Class yyds.sniarbtej.ˎะ$ᐧᓷ                                                     : loaded 2 times (x 73B)
Class com.sun.jna.platform.win32.WinNT$PRIVILEGE_SET                                  : loaded 2 times (x 125B)
Class kotlinx.serialization.descriptors.PrimitiveKind                                 : loaded 2 times (x 73B)
Class kotlinx.serialization.json.JsonElementKt                                        : loaded 2 times (x 73B)
Class kotlinx.serialization.KSerializer                                               : loaded 2 times (x 72B)
Class io.ktor.utils.io.ByteReadChannel$Companion                                      : loaded 2 times (x 73B)
Class io.ktor.client.plugins.Sender                                                   : loaded 2 times (x 72B)
Class org.slf4j.event.LoggingEvent                                                    : loaded 2 times (x 72B)
Class io.ktor.client.engine.HttpClientEngine                                          : loaded 2 times (x 72B)
Class kotlinx.io.unsafe.UnsafeBufferOperations                                        : loaded 2 times (x 73B)
Class io.ktor.client.request.HttpRequestData                                          : loaded 2 times (x 74B)
Class io.ktor.client.plugins.HttpRetryDelayContext                                    : loaded 2 times (x 74B)
Class io.ktor.client.plugins.AfterReceiveHook                                         : loaded 2 times (x 76B)
Class [Lio.ktor.util.pipeline.PipelinePhase;                                          : loaded 2 times (x 71B)
Class org.slf4j.helpers.LegacyAbstractLogger                                          : loaded 2 times (x 217B)
Class io.ktor.util.Attributes                                                         : loaded 2 times (x 72B)
Class com.sun.jna.platform.win32.WinNT$TOKEN_GROUPS                                   : loaded 2 times (x 126B)
Class com.sun.jna.platform.win32.WinNT$PSID                                           : loaded 2 times (x 127B)
Class kotlinx.serialization.json.JsonPrimitive$Companion                              : loaded 2 times (x 73B)
Class kotlinx.serialization.internal.CachedNames                                      : loaded 2 times (x 72B)
Class io.ktor.client.call.UnsupportedContentTypeException                             : loaded 2 times (x 84B)
Class io.ktor.util.date.DateJvmKt                                                     : loaded 2 times (x 73B)
Class kotlinx.io.RawSource                                                            : loaded 2 times (x 72B)
Class io.ktor.util.pipeline.PipelineContext                                           : loaded 2 times (x 84B)
Class io.ktor.http.URLProtocol                                                        : loaded 2 times (x 74B)
Class io.ktor.util.pipeline.PipelinePhaseRelation$After                               : loaded 2 times (x 74B)
Class io.ktor.client.plugins.HttpCallValidatorConfig                                  : loaded 2 times (x 74B)
Class [Lcom.sun.jna.platform.win32.WinNT$HANDLE;                                      : loaded 2 times (x 71B)
Class kotlinx.serialization.json.internal.PolymorphicKt$WhenMappings                  : loaded 2 times (x 73B)
Class io.ktor.http.URLUtilsJvmKt                                                      : loaded 2 times (x 73B)
Class io.ktor.util.DelegatingMutableSet                                               : loaded 2 times (x 146B)
Class org.slf4j.helpers.NOPMDCAdapter                                                 : loaded 2 times (x 95B)
Class io.ktor.http.HttpMessageBuilder                                                 : loaded 2 times (x 72B)
Class com.sun.jna.platform.win32.WinReg$HKEY                                          : loaded 2 times (x 84B)
Class kotlinx.serialization.json.internal.JsonPath                                    : loaded 2 times (x 74B)
Class io.ktor.util.logging.LoggerJvmKt                                                : loaded 2 times (x 73B)
Class io.ktor.utils.io.ByteWriteChannel                                               : loaded 2 times (x 72B)
Class io.ktor.http.HeadersBuilder                                                     : loaded 2 times (x 115B)
Class io.ktor.client.plugins.RenderRequestHook                                        : loaded 2 times (x 76B)
Class io.ktor.client.plugins.HttpRedirectConfig                                       : loaded 2 times (x 73B)
Class org.slf4j.spi.LoggingEventBuilder                                               : loaded 2 times (x 72B)
Class org.slf4j.helpers.NOPLoggerFactory                                              : loaded 2 times (x 77B)
Class com.sun.jna.platform.win32.WinBase$FILETIME                                     : loaded 2 times (x 128B)
Class kotlinx.serialization.descriptors.StructureKind$LIST                            : loaded 2 times (x 73B)
Class kotlinx.serialization.internal.InlineClassDescriptor                            : loaded 2 times (x 101B)
Class kotlinx.io.SegmentPool                                                          : loaded 2 times (x 73B)
Class com.sun.jna.platform.win32.WinBase                                              : loaded 2 times (x 72B)
Class kotlinx.serialization.json.internal.CharArrayPool                               : loaded 2 times (x 74B)
Class io.ktor.client.utils.ClientEventsKt                                             : loaded 2 times (x 73B)
Class io.ktor.http.ParametersKt                                                       : loaded 2 times (x 73B)
Class io.ktor.util.pipeline.PipelinePhase                                             : loaded 2 times (x 74B)
Class kotlinx.serialization.json.internal.StringJsonLexerKt                           : loaded 2 times (x 73B)
Class kotlinx.serialization.internal.Platform_commonKt                                : loaded 2 times (x 73B)
Class io.ktor.http.HttpProtocolVersion                                                : loaded 2 times (x 74B)
Class io.ktor.client.plugins.api.HookHandler                                          : loaded 2 times (x 74B)
Class kotlinx.serialization.json.ClassDiscriminatorMode                               : loaded 2 times (x 81B)
Class ai.grazie.model.cloud.exceptions.HTTPStatusException                            : loaded 2 times (x 85B)
Class kotlinx.serialization.json.internal.DescriptorSchemaCache$Key                   : loaded 2 times (x 73B)
Class kotlinx.serialization.DeserializationStrategy                                   : loaded 2 times (x 72B)
Class io.ktor.client.engine.HttpClientEngineKt                                        : loaded 2 times (x 73B)
Class io.ktor.client.plugins.HttpSend$InterceptedSender                               : loaded 2 times (x 77B)
Class io.ktor.client.plugins.logging.SendHook                                         : loaded 2 times (x 76B)
Class kotlinx.serialization.json.Json                                                 : loaded 2 times (x 82B)
Class com.sun.jna.platform.win32.WinNT$PACLByReference                                : loaded 2 times (x 86B)
Class com.sun.jna.platform.win32.WinError                                             : loaded 2 times (x 72B)
Class kotlinx.serialization.json.JsonPrimitive                                        : loaded 2 times (x 75B)
Class kotlinx.serialization.internal.AbstractPolymorphicSerializer                    : loaded 2 times (x 88B)
Class io.ktor.util.pipeline.PipelineContext_jvmKt                                     : loaded 2 times (x 73B)
Class io.ktor.util.AttributesKt                                                       : loaded 2 times (x 73B)
Class org.slf4j.helpers.SubstituteLoggerFactory                                       : loaded 2 times (x 83B)
Class io.ktor.client.plugins.HttpTimeoutCapability                                    : loaded 2 times (x 73B)
Class kotlinx.serialization.json.internal.DescriptorSchemaCache                       : loaded 2 times (x 74B)
Class kotlinx.serialization.encoding.CompositeEncoder                                 : loaded 2 times (x 72B)
Class kotlinx.serialization.internal.PluginGeneratedSerialDescriptor                  : loaded 2 times (x 101B)
Class kotlinx.serialization.json.JsonDecoder                                          : loaded 2 times (x 72B)
Class kotlinx.serialization.json.JsonElementSerializersKt                             : loaded 2 times (x 73B)
Class io.ktor.http.EmptyParameters                                                    : loaded 2 times (x 91B)
Class [Lkotlinx.serialization.encoding.Encoder;                                       : loaded 2 times (x 71B)
Class com.sun.jna.platform.win32.WinBase$SECURITY_ATTRIBUTES                          : loaded 2 times (x 125B)
Class io.ktor.client.utils.HeadersKt                                                  : loaded 2 times (x 73B)
Class io.ktor.client.plugins.sse.SSEClientContent                                     : loaded 2 times (x 82B)
Class io.ktor.util.StringValuesImpl                                                   : loaded 2 times (x 93B)
Class kotlinx.serialization.BinaryFormat                                              : loaded 2 times (x 72B)
Class kotlinx.serialization.StringFormat                                              : loaded 2 times (x 72B)
Class ai.grazie.model.cloud.exceptions.HTTPStatusException$NotFound                   : loaded 2 times (x 85B)
Class com.sun.jna.platform.win32.BaseTSD$ULONG_PTR                                    : loaded 2 times (x 90B)
Class io.ktor.http.Parameters                                                         : loaded 2 times (x 72B)
Class io.ktor.client.engine.HttpClientEngineConfig                                    : loaded 2 times (x 74B)
Class io.ktor.client.engine.HttpClientEngineFactory                                   : loaded 2 times (x 72B)
Class kotlinx.serialization.json.internal.CreateMapForCacheKt                         : loaded 2 times (x 73B)
Class com.sun.jna.platform.win32.WinBase$COMMTIMEOUTS                                 : loaded 2 times (x 125B)
Class kotlinx.serialization.internal.InlineClassDescriptorKt                          : loaded 2 times (x 73B)
Class io.ktor.client.plugins.logging.ReceiveHook$Context                              : loaded 2 times (x 74B)
Class io.ktor.client.plugins.SendCountExceedException                                 : loaded 2 times (x 84B)
Class io.ktor.util.pipeline.PipelinePhaseRelation                                     : loaded 2 times (x 73B)
Class io.ktor.client.plugins.logging.HttpClientCallLogger                             : loaded 2 times (x 74B)
Class com.intellij.llmInstaller.common.LLMIcons$Previous                              : loaded 2 times (x 73B)
Class com.sun.jna.platform.win32.WinNT                                                : loaded 2 times (x 72B)
Class io.ktor.client.plugins.HttpCallValidatorKt$HttpCallValidator$2$validateResponse$1: loaded 2 times (x 89B)
Class com.sun.jna.platform.win32.WinBase$SYSTEM_INFO                                  : loaded 2 times (x 125B)
Class kotlinx.serialization.json.internal.JsonTreeReader                              : loaded 2 times (x 74B)
Class io.ktor.utils.io.ByteChannel$readBuffer$1                                       : loaded 2 times (x 131B)
Class io.ktor.client.plugins.HttpRequestRetryKt$HttpRequestRetry$1                    : loaded 2 times (x 131B)
Class io.ktor.client.plugins.api.ClientPluginImpl                                     : loaded 2 times (x 81B)
Class org.slf4j.LoggerFactory                                                         : loaded 2 times (x 73B)
Class com.sun.jna.platform.win32.Winsvc$SERVICE_STATUS_PROCESS                        : loaded 2 times (x 125B)
Class io.ktor.utils.io.ByteReadChannel$Companion$Empty$1                              : loaded 2 times (x 81B)
Class io.ktor.http.HeadersImpl                                                        : loaded 2 times (x 100B)
Class io.ktor.client.plugins.DoubleReceivePluginKt$SaveBody$1$1                       : loaded 2 times (x 97B)
Class io.ktor.util.Platform$Jvm                                                       : loaded 2 times (x 73B)
Class io.ktor.client.request.HttpSendPipeline                                         : loaded 2 times (x 76B)
Class kotlinx.serialization.modules.SerializersModuleKt                               : loaded 2 times (x 73B)
Class kotlinx.serialization.json.JsonKt                                               : loaded 2 times (x 73B)
Class kotlinx.serialization.json.JsonBuilder                                          : loaded 2 times (x 74B)
Class dk.brics.automaton.Transition                                                   : loaded 2 times (x 79B)
Class dk.brics.automaton.RunAutomaton                                                 : loaded 2 times (x 85B)
Class com.sun.jna.platform.win32.WinDef$LCID                                          : loaded 2 times (x 96B)
Class io.ktor.client.plugins.HttpSend$DefaultSender$execute$1                         : loaded 2 times (x 89B)
Class io.ktor.client.plugins.api.TransformResponseBodyHook$install$1                  : loaded 2 times (x 97B)
Class io.ktor.client.plugins.SaveBodyPluginConfig                                     : loaded 2 times (x 73B)
Class com.sun.jna.platform.win32.WinBase$FE_EXPORT_FUNC                               : loaded 2 times (x 72B)
Class com.sun.jna.platform.win32.WinDef$HINSTANCE                                     : loaded 2 times (x 84B)
Class kotlinx.serialization.encoding.AbstractEncoder                                  : loaded 2 times (x 134B)
Class kotlinx.serialization.json.JsonObject$Companion                                 : loaded 2 times (x 73B)
Class kotlinx.io.Source                                                               : loaded 2 times (x 72B)
Class io.ktor.client.request.HttpRequestBuilder$Companion                             : loaded 2 times (x 73B)
Class io.ktor.client.request.HttpRequestBuilder                                       : loaded 2 times (x 77B)
Class io.ktor.client.plugins.RequestError                                             : loaded 2 times (x 76B)
Class io.ktor.client.HttpClient                                                       : loaded 2 times (x 83B)
Class com.sun.jna.platform.win32.WinDef$HRSRC                                         : loaded 2 times (x 84B)
Class com.sun.jna.platform.win32.WinBase$OVERLAPPED                                   : loaded 2 times (x 125B)
Class kotlinx.serialization.SerializersKt__SerializersKt                              : loaded 2 times (x 73B)
Class io.ktor.http.IllegalHeaderValueException                                        : loaded 2 times (x 84B)
Class io.ktor.util.StringValues$Companion                                             : loaded 2 times (x 73B)
Class kotlinx.serialization.descriptors.SerialDescriptorImpl                          : loaded 2 times (x 90B)
Class io.ktor.client.call.NoTransformationFoundException                              : loaded 2 times (x 84B)
Class kotlinx.serialization.SerializationStrategy                                     : loaded 2 times (x 72B)
Class io.ktor.utils.io.ByteWriteChannelOperationsKt                                   : loaded 2 times (x 73B)
Class io.ktor.client.plugins.api.ClientPluginBuilder                                  : loaded 2 times (x 74B)
Class [Lkotlinx.serialization.DeserializationStrategy;                                : loaded 2 times (x 71B)
Class kotlinx.serialization.json.internal.CharMappings                                : loaded 2 times (x 73B)
Class kotlinx.serialization.json.internal.StringJsonLexer                             : loaded 2 times (x 89B)
Class io.ktor.client.plugins.HttpRetryShouldRetryContext                              : loaded 2 times (x 73B)
Class io.ktor.client.plugins.HttpSend$Config                                          : loaded 2 times (x 73B)
Class io.ktor.util.reflect.TypeInfo                                                   : loaded 2 times (x 74B)
Class kotlinx.serialization.json.internal.Composer                                    : loaded 2 times (x 87B)
Class kotlinx.serialization.json.internal.JsonStreamsKt                               : loaded 2 times (x 73B)
Class [Lkotlinx.serialization.descriptors.SerialDescriptor;                           : loaded 2 times (x 71B)
Class io.ktor.utils.io.KtorDsl                                                        : loaded 2 times (x 72B)
Class io.ktor.http.UnsafeHeaderException                                              : loaded 2 times (x 84B)
Class io.ktor.client.request.HttpRequestKt                                            : loaded 2 times (x 73B)
Class org.slf4j.IMarkerFactory                                                        : loaded 2 times (x 72B)
Class [Ldk.brics.automaton.Transition;                                                : loaded 2 times (x 71B)
Class com.sun.jna.platform.win32.WinNT$SYSTEM_LOGICAL_PROCESSOR_INFORMATION           : loaded 2 times (x 125B)
Class io.ktor.util.StringValues                                                       : loaded 2 times (x 72B)
Class io.ktor.client.plugins.HttpRedirectKt$HttpRedirect$1                            : loaded 2 times (x 131B)
Class com.sun.jna.platform.win32.Wincon$CONSOLE_SCREEN_BUFFER_INFO                    : loaded 2 times (x 125B)
Class kotlinx.serialization.json.JsonElementSerializersKt$defer$1                     : loaded 2 times (x 87B)
Class io.ktor.client.request.DefaultHttpRequest                                       : loaded 2 times (x 96B)
Class io.ktor.utils.io.ClosedWriteChannelException                                    : loaded 2 times (x 84B)
Class io.ktor.client.HttpClient$execute$1                                             : loaded 2 times (x 89B)
Class io.ktor.client.plugins.SetupRequestContext$install$1                            : loaded 2 times (x 97B)
Class io.ktor.client.plugins.HttpRequestLifecycleKt$HttpRequestLifecycle$1$1          : loaded 2 times (x 97B)
Class io.ktor.client.call.SavedCallKt                                                 : loaded 2 times (x 73B)
Class io.ktor.http.HttpMessagePropertiesKt                                            : loaded 2 times (x 73B)
Class io.ktor.http.Url                                                                : loaded 2 times (x 74B)
Class io.ktor.http.HttpMessage                                                        : loaded 2 times (x 72B)
Class io.ktor.client.plugins.HttpSend                                                 : loaded 2 times (x 74B)
Class io.ktor.client.content.ProgressListener                                         : loaded 2 times (x 72B)
Class ai.grazie.model.cloud.exceptions.HttpExceptionBase                              : loaded 2 times (x 84B)
Class dk.brics.automaton.BasicAutomata                                                : loaded 2 times (x 73B)
Class io.ktor.http.HttpProtocolVersion$Companion                                      : loaded 2 times (x 73B)
Class io.ktor.utils.io.ByteWriteChannelOperations_jvmKt                               : loaded 2 times (x 73B)
Class io.ktor.http.URLBuilder                                                         : loaded 2 times (x 74B)
Class io.ktor.client.plugins.logging.LoggingKt$Logging$2$1                            : loaded 2 times (x 97B)
Class io.ktor.client.plugins.HttpSend$Plugin$install$1                                : loaded 2 times (x 97B)
Class io.ktor.client.plugins.HttpSend$Plugin                                          : loaded 2 times (x 78B)
Class org.slf4j.helpers.BasicMarkerFactory                                            : loaded 2 times (x 84B)
Class gyn.vhn.tdezvtsh                                                                : loaded 2 times (x 77B)
Class dk.brics.automaton.TransitionComparator                                         : loaded 2 times (x 93B)
Class com.sun.jna.platform.win32.WinNT$FILE_NOTIFY_INFORMATION                        : loaded 2 times (x 127B)
Class io.ktor.utils.io.ByteReadChannelOperationsKt                                    : loaded 2 times (x 73B)
Class io.ktor.client.plugins.logging.LoggingKt$Logging$2$2                            : loaded 2 times (x 97B)
Class io.ktor.util.CoroutinesUtilsKt                                                  : loaded 2 times (x 73B)
Class kotlinx.serialization.json.JsonImpl                                             : loaded 2 times (x 82B)
Class dk.brics.automaton.Automaton                                                    : loaded 2 times (x 136B)
Class com.sun.jna.platform.win32.WinDef$HWND                                          : loaded 2 times (x 84B)
Class [Lkotlinx.serialization.SerializationStrategy;                                  : loaded 2 times (x 71B)
Class kotlinx.serialization.descriptors.SerialDescriptorsKt                           : loaded 2 times (x 73B)
Class kotlinx.io.Segment                                                              : loaded 2 times (x 74B)
Class io.ktor.client.plugins.logging.LoggingKt$Logging$2$3                            : loaded 2 times (x 97B)
Class dk.brics.automaton.State                                                        : loaded 2 times (x 88B)
Class com.sun.jna.platform.win32.WinDef$WORD                                          : loaded 2 times (x 94B)
Class com.sun.jna.platform.win32.WinDef                                               : loaded 2 times (x 72B)
Class io.ktor.client.plugins.logging.LoggingKt$Logging$2$4                            : loaded 2 times (x 97B)
Class io.ktor.client.statement.HttpReceivePipeline$Phases                             : loaded 2 times (x 73B)
Class com.sun.jna.platform.win32.Kernel32Util                                         : loaded 2 times (x 73B)
Class com.sun.jna.platform.win32.BaseTSD$SIZE_T                                       : loaded 2 times (x 90B)
Class io.ktor.http.content.OutgoingContent$ByteArrayContent                           : loaded 2 times (x 82B)
Class kotlinx.serialization.json.internal.InternalJsonWriter                          : loaded 2 times (x 72B)
Class io.ktor.client.statement.HttpResponseContainer                                  : loaded 2 times (x 74B)
Class io.ktor.utils.io.ByteChannel$flushAndClose$1                                    : loaded 2 times (x 89B)
Class io.ktor.utils.io.ByteChannel$Slot$Companion                                     : loaded 2 times (x 73B)
Class io.ktor.utils.io.ByteChannel$Slot                                               : loaded 2 times (x 72B)
Class io.ktor.util.pipeline.DebugPipelineContext                                      : loaded 2 times (x 84B)
Class io.ktor.util.pipeline.Pipeline                                                  : loaded 2 times (x 76B)
Class [Lorg.slf4j.event.Level;                                                        : loaded 2 times (x 71B)
Class kotlinx.serialization.SerializersKt                                             : loaded 2 times (x 73B)
Class com.sun.jna.platform.win32.Kernel32                                             : loaded 2 times (x 72B)
Class kotlinx.serialization.json.internal.StreamingJsonEncoder                        : loaded 2 times (x 166B)
Class kotlinx.serialization.UnknownFieldException                                     : loaded 2 times (x 84B)
Class kotlinx.serialization.json.internal.WriteMode                                   : loaded 2 times (x 81B)
Class io.ktor.util.date.GMTDate$Companion                                             : loaded 2 times (x 73B)
Class io.ktor.utils.io.ByteWriteChannelOperationsKt$NO_CALLBACK$1                     : loaded 2 times (x 78B)
Class io.ktor.client.engine.UtilsKt$attachToUserJob$cleanupHandler$1                  : loaded 2 times (x 77B)
Class io.ktor.http.URLBuilderJvmKt                                                    : loaded 2 times (x 73B)
Class io.ktor.client.plugins.logging.ResponseHook$install$1                           : loaded 2 times (x 97B)
Class [Lio.ktor.client.plugins.logging.LoggingFormat;                                 : loaded 2 times (x 71B)
Class io.ktor.events.EventDefinition                                                  : loaded 2 times (x 73B)
Class io.ktor.util.collections.CopyOnWriteHashMap                                     : loaded 2 times (x 74B)
Class io.ktor.util.Platform$Native                                                    : loaded 2 times (x 73B)
Class com.sun.jna.platform.win32.WinBase$FE_IMPORT_FUNC                               : loaded 2 times (x 72B)
Class com.sun.jna.platform.win32.WinBase$EnumResNameProc                              : loaded 2 times (x 72B)
Class com.sun.jna.platform.win32.WinBase$MEMORYSTATUSEX                               : loaded 2 times (x 125B)
Class kotlinx.serialization.internal.StringSerializer                                 : loaded 2 times (x 84B)
Class kotlinx.serialization.json.internal.AbstractJsonLexerKt                         : loaded 2 times (x 73B)
Class kotlinx.serialization.descriptors.PolymorphicKind                               : loaded 2 times (x 73B)
Class io.ktor.util.pipeline.DebugPipelineContext$proceedLoop$1                        : loaded 2 times (x 89B)
Class io.ktor.client.plugins.ResponseException                                        : loaded 2 times (x 84B)
Class io.ktor.http.HttpStatusCode                                                     : loaded 2 times (x 77B)
Class io.ktor.client.statement.HttpResponsePipeline                                   : loaded 2 times (x 76B)
Class org.jetbrains.kotlin.idea.jvm.shared.compiler.configuration.KotlinBuildProcessParametersProvider: loaded 2 times (x 80B)
Class dk.brics.automaton.BasicOperations                                              : loaded 2 times (x 73B)
Class com.sun.jna.platform.win32.Advapi32                                             : loaded 2 times (x 72B)
Class io.ktor.client.plugins.logging.SendHook$Context                                 : loaded 2 times (x 74B)
Class io.ktor.util.pipeline.PhaseContent                                              : loaded 2 times (x 74B)
Class [Lkotlinx.serialization.json.ClassDiscriminatorMode;                            : loaded 2 times (x 71B)
Class com.sun.jna.platform.win32.WinNT$TOKEN_USER                                     : loaded 2 times (x 125B)
Class com.sun.jna.platform.win32.Winsvc$SERVICE_TABLE_ENTRY                           : loaded 2 times (x 125B)
Class com.sun.jna.platform.win32.Winsvc$SC_HANDLE                                     : loaded 2 times (x 84B)
Class io.ktor.utils.io.core.ByteReadPacketKt                                          : loaded 2 times (x 73B)
Class io.ktor.client.plugins.DefaultResponseValidationKt                              : loaded 2 times (x 73B)
Class io.ktor.util.pipeline.InvalidPhaseException                                     : loaded 2 times (x 84B)
Class com.sun.jna.platform.win32.WinNT$PSID$ByReference                               : loaded 2 times (x 127B)
Class com.sun.jna.platform.win32.Win32Exception                                       : loaded 2 times (x 88B)
Class kotlinx.serialization.encoding.Encoder                                          : loaded 2 times (x 72B)
Class io.ktor.utils.io.ByteChannel$awaitContent$1                                     : loaded 2 times (x 89B)
Class io.ktor.client.plugins.HttpCallValidatorKt                                      : loaded 2 times (x 73B)
Class com.sun.jna.platform.win32.Winsvc$HandlerEx                                     : loaded 2 times (x 72B)
Class io.ktor.utils.io.ClosedReadChannelException                                     : loaded 2 times (x 84B)
Class [Lio.ktor.http.URLProtocol;                                                     : loaded 2 times (x 71B)
Class io.ktor.http.URLParserKt                                                        : loaded 2 times (x 73B)
Class io.ktor.client.request.HttpRequest                                              : loaded 2 times (x 72B)
Class io.ktor.client.plugins.HttpRedirectKt$HttpRedirect$2$1                          : loaded 2 times (x 97B)
Class io.ktor.client.plugins.DefaultResponseValidationKt$addDefaultResponseValidation$1$1: loaded 2 times (x 97B)
Class dk.brics.automaton.AutomatonMatcher                                             : loaded 2 times (x 102B)
Class com.sun.jna.platform.win32.WinNT$TOKEN_PRIMARY_GROUP                            : loaded 2 times (x 125B)
Class com.sun.jna.platform.win32.Wincon                                               : loaded 2 times (x 72B)
Class com.sun.jna.platform.win32.WinNT$HANDLEByReference                              : loaded 2 times (x 86B)
Class kotlinx.io.Sink                                                                 : loaded 2 times (x 72B)
Class io.ktor.http.URLBuilder$Companion                                               : loaded 2 times (x 73B)
Class io.ktor.utils.io.charsets.CharsetJVMKt                                          : loaded 2 times (x 73B)
Class yyds.sniarbtej.ˉЃ$ـﻣ                                                       : loaded 2 times (x 73B)
Class com.sun.jna.platform.win32.Winsvc$SERVICE_STATUS_HANDLE                         : loaded 2 times (x 84B)
Class com.sun.jna.platform.win32.WinNT$MEMORY_BASIC_INFORMATION                       : loaded 2 times (x 125B)
Class kotlinx.serialization.internal.GeneratedSerializer                              : loaded 2 times (x 72B)
Class kotlinx.serialization.descriptors.PrimitiveKind$STRING                          : loaded 2 times (x 73B)
Class io.ktor.client.plugins.api.SetupRequest                                         : loaded 2 times (x 76B)
Class io.ktor.client.plugins.api.ClientPlugin                                         : loaded 2 times (x 72B)
Class com.sun.jna.platform.win32.WinNT$SECURITY_DESCRIPTOR                            : loaded 2 times (x 125B)
Class com.sun.jna.platform.win32.WinBase$FOREIGN_THREAD_START_ROUTINE                 : loaded 2 times (x 125B)
Class com.sun.jna.platform.win32.WinNT$OSVERSIONINFO                                  : loaded 2 times (x 125B)
Class kotlinx.serialization.json.JsonLiteral                                          : loaded 2 times (x 76B)
Class io.ktor.client.call.SavedHttpCall                                               : loaded 2 times (x 80B)
Class io.ktor.util.StringValuesKt                                                     : loaded 2 times (x 73B)
Class io.ktor.http.Parameters$Companion                                               : loaded 2 times (x 73B)
Class org.slf4j.helpers.NOP_FallbackServiceProvider                                   : loaded 2 times (x 86B)
Class com.intellij.llmInstaller.common.LLMIcons$Rebranding                            : loaded 2 times (x 73B)
Class io.ktor.utils.io.ByteChannel$Slot$Write                                         : loaded 2 times (x 81B)
Class io.ktor.http.URLUtilsKt                                                         : loaded 2 times (x 73B)
Class io.ktor.client.plugins.logging.ResponseAfterEncodingHook$install$1              : loaded 2 times (x 97B)
Class kotlinx.serialization.json.internal.CharArrayPoolBase                           : loaded 2 times (x 74B)
Class io.ktor.util.Platform$Js                                                        : loaded 2 times (x 74B)
Class com.intellij.llmInstaller.common.branding.LLMInstallerAIAssistantBranding       : loaded 2 times (x 73B)
Class com.sun.jna.platform.win32.WinDef$LPVOID                                        : loaded 2 times (x 84B)
Class kotlinx.serialization.json.JsonElementSerializer                                : loaded 2 times (x 84B)
Class io.ktor.http.EmptyHeaders                                                       : loaded 2 times (x 91B)
Class com.sun.jna.platform.win32.Wincon$INPUT_RECORD                                  : loaded 2 times (x 125B)
Class com.sun.jna.platform.win32.BaseTSD$ULONG_PTRByReference                         : loaded 2 times (x 86B)
Class kotlinx.serialization.MissingFieldException                                     : loaded 2 times (x 84B)
Class kotlinx.serialization.json.internal.AbstractJsonLexer                           : loaded 2 times (x 88B)
Class io.ktor.util.date.GMTDate                                                       : loaded 2 times (x 77B)
Class io.ktor.utils.io.charsets.EncodingKt                                            : loaded 2 times (x 73B)
Class io.ktor.client.plugins.DefaultTransformersJvmKt                                 : loaded 2 times (x 73B)
Class org.slf4j.helpers.SubstituteServiceProvider                                     : loaded 2 times (x 87B)
Class kotlinx.io.SinksJvmKt                                                           : loaded 2 times (x 73B)
Class [Lcom.sun.jna.platform.win32.Winsvc$SERVICE_TABLE_ENTRY;                        : loaded 2 times (x 71B)
Class com.sun.jna.platform.win32.WinBase$PROCESS_INFORMATION                          : loaded 2 times (x 125B)
Class org.slf4j.event.Level                                                           : loaded 2 times (x 81B)
Class kotlinx.serialization.json.internal.ArrayPoolsKt                                : loaded 2 times (x 73B)
Class kotlinx.io.SegmentKt                                                            : loaded 2 times (x 73B)
Class io.ktor.client.plugins.HttpRetryModifyRequestContext                            : loaded 2 times (x 74B)
Class io.ktor.util.logging.KtorSimpleLoggerJvmKt                                      : loaded 2 times (x 73B)
Class kotlinx.io.BuffersJvmKt                                                         : loaded 2 times (x 73B)
Class io.ktor.client.call.HttpClientCall                                              : loaded 2 times (x 80B)
Class io.ktor.util.CollectionsKt                                                      : loaded 2 times (x 73B)
Class io.ktor.util.PlatformUtils                                                      : loaded 2 times (x 73B)
Class io.ktor.client.engine.HttpClientEngineCapability                                : loaded 2 times (x 72B)
Class com.sun.jna.platform.win32.WinDef$DWORD                                         : loaded 2 times (x 96B)
Class kotlinx.serialization.json.internal.JsonNamesMapKt                              : loaded 2 times (x 73B)
Class kotlinx.io._UtilKt                                                              : loaded 2 times (x 73B)
Class io.ktor.http.URLParserException                                                 : loaded 2 times (x 84B)
Class io.ktor.client.plugins.RenderRequestHook$install$1                              : loaded 2 times (x 97B)
Class io.ktor.client.request.HttpRequestPipeline                                      : loaded 2 times (x 76B)
Class com.sun.jna.platform.win32.BaseTSD                                              : loaded 2 times (x 72B)
Class io.ktor.http.content.NullBody                                                   : loaded 2 times (x 73B)
Class io.ktor.util.date.WeekDay                                                       : loaded 2 times (x 81B)
Class io.ktor.client.engine.HttpClientEngine$executeWithinCallContext$1               : loaded 2 times (x 89B)
Class kotlinx.io.RawSink                                                              : loaded 2 times (x 72B)
Class [Lio.ktor.client.plugins.logging.LogLevel;                                      : loaded 2 times (x 71B)
Class io.ktor.client.plugins.BodyProgressKt$BodyProgress$1$1                          : loaded 2 times (x 97B)
Class kotlinx.serialization.json.JsonEncoder                                          : loaded 2 times (x 72B)
Class kotlinx.serialization.json.JsonElement                                          : loaded 2 times (x 73B)
Class io.ktor.client.request.HttpResponseData                                         : loaded 2 times (x 74B)
Class io.ktor.client.engine.HttpClientEngine$executeWithinCallContext$2               : loaded 2 times (x 97B)
Class io.ktor.client.plugins.DefaultTransformKt                                       : loaded 2 times (x 73B)
Class io.ktor.client.plugins.BodyProgressKt$BodyProgress$1$2                          : loaded 2 times (x 97B)
Class com.sun.jna.platform.win32.WinDef$ULONGByReference                              : loaded 2 times (x 86B)
Class com.sun.jna.platform.win32.Tlhelp32$MODULEENTRY32W                              : loaded 2 times (x 127B)
Class kotlinx.serialization.SerializationException                                    : loaded 2 times (x 84B)
Class io.ktor.client.plugins.RequestError$install$1                                   : loaded 2 times (x 97B)
Class io.ktor.client.plugins.HttpRedirectKt                                           : loaded 2 times (x 73B)
Class com.sun.jna.platform.win32.WinNT$SECURITY_DESCRIPTOR_RELATIVE                   : loaded 2 times (x 129B)
Class io.ktor.utils.io.ByteChannel_jvmKt                                              : loaded 2 times (x 73B)
Class io.ktor.client.plugins.HttpPlainTextKt                                          : loaded 2 times (x 73B)
Class io.ktor.util.ConcurrentSafeAttributes                                           : loaded 2 times (x 92B)
Class io.ktor.client.HttpClientKt                                                     : loaded 2 times (x 73B)
Class io.ktor.client.plugins.sse.SSECapability                                        : loaded 2 times (x 73B)
Class io.ktor.client.engine.HttpClientEngineBase                                      : loaded 2 times (x 99B)
Class com.sun.jna.platform.win32.WinNT$PSIDByReference                                : loaded 2 times (x 86B)
Class com.sun.jna.platform.win32.WinBase$STARTUPINFO                                  : loaded 2 times (x 125B)
Class [Lkotlinx.serialization.json.internal.WriteMode;                                : loaded 2 times (x 71B)
Class kotlinx.serialization.encoding.ChunkedDecoder                                   : loaded 2 times (x 72B)
Class io.ktor.http.content.OutgoingContent$ContentWrapper                             : loaded 2 times (x 82B)
Class kotlinx.io.Segment$Companion                                                    : loaded 2 times (x 73B)
Class io.ktor.http.CodecsKt                                                           : loaded 2 times (x 73B)
Class io.ktor.client.plugins.logging.ResponseHook                                     : loaded 2 times (x 76B)
Class com.sun.jna.platform.win32.BaseTSD$DWORD_PTR                                    : loaded 2 times (x 89B)
Class io.ktor.client.call.SavedHttpRequest                                            : loaded 2 times (x 89B)
Class io.ktor.util.DelegatingMutableSet$iterator$1                                    : loaded 2 times (x 83B)
Class io.ktor.http.URLProtocol$Companion                                              : loaded 2 times (x 73B)
Class io.ktor.client.plugins.api.TransformResponseBodyHook                            : loaded 2 times (x 76B)
Class org.slf4j.helpers.BasicMDCAdapter                                               : loaded 2 times (x 97B)

---------------  S Y S T E M  ---------------

OS:
 Windows 11 , 64 bit Build 26100 (10.0.26100.8246)
OS uptime: 0 days 12:21 hours
Hyper-V role detected

CPU: total 16 (initial active 16) (8 cores per cpu, 2 threads per core) family 6 model 141 stepping 1 microcode 0x58, cx8, cmov, fxsr, ht, mmx, 3dnowpref, sse, sse2, sse3, ssse3, sse4.1, sse4.2, popcnt, lzcnt, tsc, tscinvbit, avx, avx2, aes, erms, clmul, bmi1, bmi2, adx, avx512f, avx512dq, avx512cd, avx512bw, avx512vl, sha, fma, vzeroupper, avx512_vpopcntdq, avx512_vpclmulqdq, avx512_vaes, avx512_vnni, clflush, clflushopt, clwb, avx512_vbmi2, avx512_vbmi, hv, rdtscp, rdpid, fsrm, gfni, avx512_bitalg, f16c, cet_ibt, cet_ss, avx512_ifma
Processor Information for the first 16 processors :
  Max Mhz: 2304, Current Mhz: 2304, Mhz Limit: 2304

Memory: 4k page, system-wide physical 16114M (1335M free)
TotalPageFile size 29201M (AvailPageFile size 246M)
current process WorkingSet (physical memory assigned to process): 2118M, peak: 2768M
current process commit charge ("private bytes"): 2801M, peak: 3132M

vm_info: OpenJDK 64-Bit Server VM (25.0.2+1-b329.72) for windows-amd64 JRE (25.0.2+1-b329.72), built on 2026-03-02 with MS VC++ 17.14 (VS2022)

END.
